,question,answer
72,흡연석 있나요?,아니요 없습니다
81,흡연 가능한가요?,아니요
130,휴게실도 따로 있어요?,휴게실이 따로 있는 건 아니고 자습실도 있고 교실은 많습니다
143,휘핑크림 올려드릴까요?,아니요 그냥 주세요
145,휘핑크림 올려 드릴까요?,아니요
147,휘핑크림 얹어 드릴까요?,아니요 빼주세요
149,휘핑 크림 올라가는데 괜찮으세요?,아뇨 빼 주세요
170,후불로도 결제가 가능한가요?,아니요 선불로만 결제 가능합니다
172,후불로도 가능한가요?,아니요 저희는 선불만 가능합니다
206,회화 디자인 분야를 다하나요?,아뇨 일반적으로 그려보고 잘하는 쪽으로요
222,회원비는 있나요?,아뇨 없어요
224,회원분이신가요?,회원이 아니에요
231,회원가입해야 이용 가능한가요?,아니요 게스트로도 이용 가능하세요
240,회원가입을 해야지만 이용이 가능할까요?,아니요 비회원도 되고 회원도 이용 가능합니다
242,회원가입을 해야지만 이용이 가능한가요?,아니요 비회원도 이용 가능하세요
243,회원가입을 해야지만 이용이 가능한가요?,아니요 비회원도 이용 가능하세요
244,회원가입을 해야지만 이용이 가능한가요?,아니요 비회원으로도 할 수 있습니다
245,회원가입을 해야지만 이용이 가능 한가요?,아니요 비회원으로도 이용 가능합니다
246,회원가입을 해야지만 이용을 할 수 있나요?,아니요 비회원도 이용 가능합니다
248,회원가입을 해야지 이용할 수 있나요?,아니요 비회원으로도 가능해요
250,회원가입을 해야지 이용 가능한가요?,아니요 비회원으로도 이용 가능하세요
251,회원가입을 해야만 이용이 가능한가요?,아니요 비회원도 가능합니다
252,회원가입을 해야만 이용이 가능한가요?,아니요 비회원도 이용할 수 있습니다
253,회원가입을 해야만 이용이 가능한가요?,아니요 비회원으로 이용 가능하세요
254,회원가입을 해야만 이용이 가능한가요?,아니요 회원가입을 하지 않아도 이용 가능합니다
255,회원가입을 해야만 사용이 가능한가요?,아니요 비회원도 이용 가능하세요
278,회원 요금이에요?,아니요 회원가입하시면 800원입니다
289,회색 있어요?,회색인데 완전 회색은 아니고요
336,화학물질은 아니고?,"화학은 아니고 천연이지요, 바닷물 속의 진흙하고 화산 폭발할 때 나오는 재하고 바닷물에 들어가서 굳어진 돌가루가 오땡큐 제품 속에 들어 있어요"
431,화장실은 남녀 분리 되어 있어요?,아뇨
463,화장실 남녀 공용인가요?,아닙니다
579,혹시라도 예전에 여권 만드신 여권 있으신가요,아니요 아니요 없어요
595,혹시 후불도 가능한가요?,아니요 선불만 가능합니다
600,혹시 회원가입을 해야지만 이용이 가능한가요?,아니요 비회원으로도 이용 가능합니다
601,혹시 회원가입을 해야지만 사용이 가능한가요?,아니요 비회원도 사용 가능합니다
606,혹시 혹시 차량이 공동명의거나 법인차량은 아니십니까?,아닙니다.
618,혹시 할인되는 거 있어요?,아뇨 이거는 행사 제품이라서 따로 할인 안되세요
639,혹시 포켓볼 당구대도 있나요?,아니요 저희 가게에는 포켓볼 당구대는 없어요
667,혹시 커플석이라든지 이런 건 있나요?,아니요 커플석은 없습니다
670,혹시 커플석 있어요?,아니요 커플석은 없습니다
673,혹시 커플석 같은 것도 있나요?,아니요 커플석은 없습니다
678,혹시 카카오페이도 되나요?,아니오 안돼요
696,혹시 체크카드 되나요?,아니요
702,혹시 찾으시는 제품 있으세요?,아니요 찾는 건 따로 없고 그냥 편하게 입으려고요
715,혹시 차량번호는 알고 계십니까?,아뇨 그거를 몰라서 이제 어떻게 돼야 하나
729,혹시 차량번호 기억하고 계십니까?,아니요 번호는 잘 모르겠어요.
756,혹시 지금 거주하는 분이 없다면 지금이라도 혹시 계량기 숫자 확인 하실 수 있으시겠습니까?,아니에요. 못하지요 집을 이사를 벌써 한 달 됐는데
760,혹시 주차할 수 있는 시설은 있을까요?,아니요 주차 시설은 없습니다
761,혹시 주차할 수 있는 공간은 있나요?,아니요 주차할 데는 없습니다
770,혹시 주말에도 영업하시나요?,아니요 주말은 쉽니다
779,혹시 젓가락은 대나무 젓가락 주시나요?,아니요
793,혹시 장애인은 아니시구요,아닙니다.
827,혹시 이거 환불 가능한가요?,아니요 환불은 불가합니다. 
856,혹시 원장 선생님 계시나요?,아뇨 지금은 출장 가셨어요
903,혹시 여기서 만드시는가요?,수제는 아니에요
908,혹시 여기 흡연 가능한가요?,"아니요 죄송하지만, 이 건물은 금연구역입니다"
936,혹시 여기 배달되시는가요?,아니오 저희 배달은 안 해요
946,혹시 엘피지거나 그렇지는 않으시구요,그런 건 아니고요
957,혹시 양도인한테 서류는 받으셨습니까?,아니 우리가 양도인이라니까요
959,혹시 약 성분에 졸리는 성분도 있나요?,아니요 졸리는 성분은 없습니다
967,혹시 아이리시 커피도 판매하나요?,아니요 아이리쉬 커피는 판매하지 않습니다. 
968,혹시 아메리카노에 시럽 넣어드릴까요?,아니요 두 잔 다 그냥 주세요
994,혹시 세탁 여기에서 바로 하시나요?,아니요 세탁은 여기서 안하고 저희가 맡겨드려요
995,혹시 세일해요?,아니요
1003,혹시 선생님 혹시 차량번호는 기억나십니까?,아니 차량번호도 기억 안 나고 현금 결제를 했거든요 그리고 놓고 내린게 아니라 기사님한테 충전을 맡겼거든요
1012,혹시 선생님 그 지금 그 영업용 차량등록하시는 거에요,아니에요 아니
1020,혹시 선물 포장되나요?,아니요 안 됩니다
1075,혹시 배우자님 차량을 혹시 끝번호가 생님 선생님 차량하고 같은 동일한 뭐 짝수나 동일한 홀수인가요,아니 아니야
1078,혹시 배달은 되는가요?,아니요 돈가스가 식어서 배달은 안 하고 포장은 합니다
1088,혹시 방학 때 수학을 선행 한 번 했어요?,아뇨 안했어요
1089,혹시 방에서 식사를 해도 괜찮나요?,조리하시는 것만 아니면 드시는 건 가능해요
1095,혹시 발급받는데 오래 걸리나요,아닙니다.
1110,혹시 뭐 따로 지금 혜택받고 있는 차량 있습니까?,아니요. 없어요.
1114,혹시 물수건 있어요?,아니요 물수건은 없어요
1116,혹시 문 닫는 날도 있나요?,아니요 항상 열려 있습니다
1129,혹시 몇 개월 연속해서 끊으면 할인되고 이런거는 없나요?,금액이 많이 할인 되는거는 아니지만 조금 할인돼요
1138,혹시 머리도 아프신가요?,아니요 머리는 괜찮습니다
1158,혹시 두분 다 못오시는 경우십니까?,아니 머 저는 갈 수 있다 하더라도 인감을 떼 가지고 주고 바로
1200,혹시 김치도 파나요?,아니요 필요하면 근처 편의점에서 사서 드셔도 돼요
1201,혹시 김치나베 같은 것도 포장이 되나요?,아니요 저희 포장 용기 자체가 없어서 포장은 안돼요
1207,혹시 기존에 갖고 계신 여권이 그러면 유효기간이 남아 있으신 건가요 ,아니요 유효기간 지났어요
1220,혹시 그 차주분이랑 차 이전 받으실 분 두 분 다 오시는 거세요,아니요 아니요
1243,혹시 국수 여기서 밀으신거에요?,아니요
1260,혹시 계산은 카드로도 가능 한가요?,아니요 카드는 안 됩니다
1275,혹시 개인간에 중고차 이전하시는 거죠.,아니 이전이 아니고 내가 팔라고 차를
1303,호텔에 편의시설이 있나요?,헬스장은 무료이고 사우나도 있는데 탕이 있는 사우나는 아니에요
1334,호주는 일 년 단위로 많이 가나요?,보통 추천드리는 기간이 있는 게 아니고 개인 사정에 따라 달라요
1345,혈압약이랑 같이 먹어도 돼요?,해열진통제만 아니면 혈압약이랑 같이 드셔도 됩니다
1350,현차가 선생님 소유로 되어 있습니까?,아니오 아버지 소유로 되어 있습니다.
1351,현재는 그러시면 명의가 아버님 명의로 되어 있으신 건가요,아니요 아니요 그 저 고모부님으로 돼 있어요.
1417,현금을 해야 되는 거예요,아니요 선생님 자동이체시면 다시 한 번 자동이체 되실 거니까요 그 계좌에 잔고만 있으시면 되시구요
1438,현금으로 하면 할인해주시나요?,아니요 카드랑 가격 똑같아요
1457,현금으로 사면 할인 가능한가요?,아니요 그 부분은 어렵습니다
1467,현금으로 내야 돼요?,아니오 카드 하셔도 되죠 상관없습니다
1469,현금으로 구입하면 더 저렴한가요?,아니요
1485,현금영수증으로 해 드릴까요?,아뇨 그냥 일반 영수증으로 주세요
1510,현금영수증 해드릴까요,아뇨 일반 영수증 주세요
1518,현금영수증 필요하세요?,아니요 현금영수증 괜찮아요
1520,현금영수증 줘요,아니요 이거는 현금영수증 안돼요
1585,현금 영수증 맞으세요?,"아니요, 그냥 영수증이요"
1622,헤드폰 쓰시나요?,아니요 스피커에서 안 나와요
1631,헤나염색은 아니죠?,헤나는 아니에요. 우리는 그런 거 안 해요. 그거는 전부 여자들 하는 거죠
1669,허리 묶는 거에요?,아뇨
1714,햄버거 2층에서 먹을 수 있나요?,아니요 지금은 청소 중이에요
1761,해물 덮밥은 해물하고 고추로 만드나요?,아니요 해물과 빨간 양념이요
1800,할인카드나 적립카드 있어요?,아니요
1801,할인카드나 적립카드 같은 거 있어요?,아니요 저희는 따로 없고요 쿠폰은 있어요
1860,할인되는 건 있나요?,아뇨 형제 할인밖에 없어요
1879,할인 적용되는 상품인가요?,"아니요, 그 제품은 할인 적용 안되는 상품입니다."
1903,한참 기다려야 해요?,아뇨 오래 안 기다려도 돼요 5분에서 6분 정도요
1976,"한 필지인데, 건물이 있는거예요?","아뇨, 여기 옆에가 3800평인데 그 중 1100평이 제 것이에요"
1977,한 판은 주문이 불가능한가요?,아뇨 가능하세요
1991,한 줄에 일 인분이에요?,아니요 일 인분이 두 줄이에요
2012,한 시간으로 해요?,아뇨 쉬는 시간 없이 두 시간이에요
2102,한 번 입어보세요,아니에요
2226,한 개도 배달해주나요?,아니요 두 그릇 이상부터요
2243,학원은 다니고 있나요?,아뇨
2251,학용품을 학부모한테 구매해오라고 해서?,아뇨 저희가 다 준비를 합니다
2262,학생이 여자에요?,"아니요, 남자"
2360,하얀색 패딩은 가격이 다른가요?,아니요 다른 패딩들과 세탁비는 같습니다
2397,하루에 두 과목을 할 수 있나요?,아니요 두 과목을 하루에 다 하지는 않죠
2398,하루에 10만 원이요?,"아니요, 한 달에 10만 원, 하루에 7천 원입니다"
2501,피자는 다 8000원에 동일 금액인가요?,아니에요 6000원부터 13000원까지 있어요
2510,피자 라지에 콜라가 서비스로 오나요?,아니요 콜라는 따로 주문해주세요
2523,피아노 직접 하실려는건가요?,아니요 자녀가 중삼 올라가는데
2535,피시방에 이벤트라든지 이런 건 있을까요?,아니요 이벤트는 없습니다
2541,피부가 이래서 대상포진인가 싶어가지고,이 약 드시고 가라 앉으면 다행이고 아니면 신경외과나 정형외과 가보셔야돼요
2556,플룻도 하네예?,아니요 이건 악기 설명이고 우쿨렐레 하구요 단소 리코더 오카리나 이런거 추가적으로 들어가고 있거든요
2560,플러스세요?,아뇨 그냥 나인
2611,프랜차이즈에요?,저희 매장은 프랜차이즈가 아닙니다
2619,프라이드치킨 순살도 있나요?,아니요 프라이드 치킨은 순살이 없습니다
2645,표백 전후 라는거는 표백은 뭐 락스?,아니 락스로 하면 안되요
2723,포장해드릴까요?,아뇨 하고 갈게요
2725,포장해가면 포장비 따로 드려야 하나요?,아뇨 똑같아요
2735,포장할 건데 반찬도 홀 식사와 동일하게 포장해주시나요?,아니요 김치만 나가고 있습니다
2786,포장 같은 거도 돼요?,아뇨 포장은 안돼요
2803,포인트 적립해 드릴까요?,아니요 포인트 없어요
2806,포인트 적립하시나요?,아니요 그냥 결제해주세요
2892,평소 귀걸이를 자주 하시나요?,아니요  거의 안 해요
2933,편도결석에 먹는 약이 약국에도 있어요?,아니요 그거는 이비인후과 가서 제거를 하셔야 되는겁니다
2960,펜 전체 테두리가 18K는 아닌가요?,"아니에요, 촉만 18K에요"
2984,펄이 떨어지지 않아요?,아니요
3028,팔찌 종류 있을까요?,행사하는 거는 이 쪽에 두 가지 있고 아니면 기본 두 줄짜리가 여기 있습니다
3149,티렉스 저게 약간 매콤한가요?,아니요 매콤한 건 크리스피버거에요
3211,트라제엑스지 이천삼년식 확인되는 데 맞습니까?,이천사년식 아니에요
3387,토마토 주스 생과일인가요?,냉동과일아니고 생과일입니다
3405,테이크아웃하면 할인되나요?,아뇨 테이크아웃하셔도 가격은 같습니다
3407,테이크아웃하면 할인 되나요?,아뇨 테이크아웃 할인 없습니다
3419,테이크아웃은 더 싼가요?,아니요 저희는 똑같아요
3433,테이크아웃 돼요?,아니요
3434,테이크 아웃하시는 건가요,아니요 여기서 먹을 건데요
3435,테이크 아웃하면 가격이 더 저렴한가요?,"아니요, 테이크 아웃해도 가격은 똑같아요"
3440,테이크 아웃 하시는 건가요?,"아니요, 마시고 갈게요"
3463,테두리의 패턴은 가죽인가요?,이건 가죽은 아니고 가격은 십삼만 구천 원입니다
3470,텀블러에 넣으면 양이 적어지나요?,"아니요, 적어지지 않아요"
3479,텀블러 할인 있나요?,"아니요, 텀블러 할인은 없어요"
3507,택시 번호 알고 계신가요 선생님,아니 번호가 이제 몰라가지고 근데 결제를 카드로 했었거든요
3510,택배로 보내주실 수 있나요? ,아니요 직접 오셔야 합니다
3529,태권도 해봤어요?,아뇨 가르쳐 보려고
3550,탕수육 소자 보다 더 작은 양도 있나요?,아뇨 이게 제일 작아요
3562,탈색이에요?,탈색은 아니에요
3566,탈색은 전에 해보셨나요?,아니요 처음이에요
3582,타이레놀은 처방받은걸로 구입하는 거에요?,아니요 그냥 구입할 수 있습니다
3591,키즈 사이즈도 나오나요?,"아니요, 키즈 사이즈는 없습니다. "
3594,키오스크에서 현금결제되나요?,아니요 키오스크에서는 카드 결제만 가능합니다
3639,클랜즈는 그럼 생과일로 직접 짜서 주는거에요?,저희가 여기서 해드리는건 아니고 저희가 이제 제품을 받아서 팩처럼 개별로 이렇게 포장이 돼있어요
3644,큰 평수를 찾는 건 아니죠?,큰 평수는 아니라고요
3684,크루아상 안에 초코나 생크림이 들어 있나요?,아뇨 크루아상 겉에 초코를 바른 겁니다
3696,크기마다 다른데 기장이 길어요?,아뇨 엉덩이 덮일 만큼 길어요
3732,퀵비 따로 드려야 되나요?,아뇨 배달료는 저희가 부담합니다
3779,쿠폰 10개 모으면 음료 종류 상관없이 한 잔 무료예요?,아뇨 아메리카노 하나만 가능하세요
3810,콜센터라고예 그러면 여 저 성서 지부 좀 부탁합시다. 차량 검사에 대해서 알아볼라 카는데예,검사는 선생님 우선은 그 저희 등록사업소에서 검사를 하는 게 아니라서 구청 안전공단이나 그 쪽으로 물어보셔야 되거든요
3828,콜라는 주는 건가요?,아니요 따로 주문하셔야 돼요
3848,콜라 큰 사이즈로 되나요?,아니요 콜라는 큰 사이즈가 없습니다
3881,콜드 폼 카푸치노는 위에 차가운 폼이 올라가서 아이스만 가능한 음료인데 따뜻한 거 원하시는 거예요?,"아니요, 아이스요"
4012,컴퓨터 사양은 베틀그라운드 그런 거는 다 돌아갈 정도 되나요?,최고 사양이나 그런 거는 아니지만 기본적인 건 다 돌아갑니다
4034,컨버스 척 테일러 70 270사이즈 남아있나요?,아니요 죄송하지만 그 제품은 전량 품절이에요 
4039,커피찌꺼기 남은 거 있어요,아뇨 지금은 커피찌꺼기 없습니다
4041,커피종류 말씀하시는건가요?,아니요 커피말구요
4058,커피에 들어가는 건가요?,아뇨 커피는 들어가지 않습니다
4088,커피는 시럽은 넣어드릴까요?,아니요 시럽 넣지 말고 주세요
4098,커피가 들어갔나요?,아뇨 커피 안 들어가요
4100,커피가 들어간 거에요?,아뇨 커피는 들어가지 않습니다
4163,커플석도 있나요?,아니요 커플석은 따로 없습니다
4175,커플석 같은 거는 있어요?,아니요 커플석은 따로 없습니다
4199,커트도 같이 하려고 하는데 포함된 건가요?,"아니요, 커트 비용은 따로 받고 있습니다."
4249,캐리어에 넣어 주실 수 있나요?,아뇨 캐리어는 2개 이상부터 가능해요.
4368,카카오페이는 받으시는가요?,아뇨 현금과 카드 두 가지 있습니다
4407,카카오페이 결제가 가능한가요?,"바코드 결제만 아니면 삼성페이, 무슨 페이 다 가능하세요"
4414,카카오페이 결제 돼요?,아뇨 저희는 삼성페이만 돼요
4471,카드로 하시겠어요?,아니요 현금이요
4576,카드 써도 괜찮겠어요?,아뇨 카드는 안 받는데요
4663,카드 결제되나요?,아뇨 이벤트 중이라 현금결제만 가능합니다
4679,카드 결제도 가능한가요?,아니요 현금만 받고 있습니다
4711,카드 결제 가능한가요?,"아뇨, 현금만 가능합니다"
4844,치즈케이크 있나요?,아니요 치즈케이크는 지금 없어요
4932,출력할 때는 말씀드리고 뽑아야 하나요?,아뇨 뽑고 말씀해주셔도 돼요
4972,추가로 간식 같은 것들 주나요?,매일은 아니지만 목 말라하면 우유 나눠줘요
4984,추가 요금 있나요?,아뇨 없어요
4988,추가 비용 이런 거 드려야 하나요?,아뇨 그런 거 없고요
5040,초코머핀 데워 드릴까요?,아니요 그냥 주세요
5061,초등학생인가요?,아니에요 중삼이에요
5077,초등학교 라이팅 교재 말씀하시는 건가요?,아니요 성인반 교재요
5079,초등학교 때까지 미술을 계속 한 친구인가요?,아뇨
5225,체인점이에요?,아뇨
5233,체납고지서를 받았는데 이거 내용 좀 알려구요,음 지금 확인해 보니까 납부가 십일월분이 납부가 아직 안 된 것으로 나와 있으시구요 금액이 전체 다 납부가 안 된 건 아니구요 금액은 이천이백삼십원으로 확인이 되시는데요 원래 십일월 분은 십일월말까지 납부를 해 주셔야 되시는데 납부는 십이월 이일날 하셨는데 가산금 부과되지 않은 원래 부과되었던 금액으로 납부를 하셔가지고 고 가산금 부분이 체납된 것으로 확인이 됩니다.
5290,청소년들도 24시간 이용되나요?,아니요 밤 10시되면 나가셔야 돼요
5295,청소년 이용시간 말씀하시는 거죠?,아니요 성인 이용시간이요
5328,천으로 된 핸드메이드로 만들어놨는거는 없어요?,천으로 된 거는 아직까지 여름이 아니라서 잘 없어요 
5380,처방전 없이 구매 가능한 약이 있나요?,아뇨 처방전 없이는 구매가 힘듭니다.
5383,처방전 돌려주시나요,아니요 처방전은 약국이 보관합니다
5405,찾으시는 제품이 있나요,아뇨 좀 살펴볼게요
5446,착용해봐도 되나요?,"아니요, 눈으로만 봐주세요. "
5481,차주 분 오실 겁니까?,아니 차 팔 사람 살 사람 다 갈건데
5489,차주 도장 인감도장 이어야 돼요,아니요. 그냥 도장이시면 돼요
5510,차명이 에이식스 삼점영 티디아이 카트로 맞으시죠,에이세븐인데 에이식스가 아니고요
5589,차량번호 확인 가능하지가 않을까요 선생님,아뇨 나 저 차번호 외우지도 못했는데
5592,차량번호 혹시 확인 가능합니까?,아니오 이야기만 해 주시면 된다고요 필요한 서류
5752,차가운 걸로 드릴까요?,아니요 뜨거운 걸로 주세요
5755,차가 좀 큰가요?,아니요
5764,차가 가지고 와야 됩니까?,아니면 번호판을 때서 반납하시고 새로운 번호 받으실 새로운 번호판으로 교체해서 받으시면 되세요
5765,차 혹시 이전하실 때 차주분과 차 이전 받으실분 두 분 다 같이 방문 가능하신거세요,아니오 파는 사람은 못가요
5829,짬뽕이면 면하고 해서?,아니요 면 없이 밥은 그냥 뒤에서 담아드시면 돼요
5854,짬뽕에 닭 육수 쓰는 거예요?,아니요 돼지고기만 씁니다
5891,짝퉁이에요 진짜예요?,진짜는 아니고 짝퉁 중에서도 A급 제품이에요
5909,짜장면 한 그릇도 배달되나요?,아니요 만 원 이상 되어야지 배달 가능합니다
6053,직접 중국어 배우시려고요?,아뇨 우리 애가
6063,직접 방문 가능하신 거세요,아뇨 아니면 애가 방문 못 하면 제가 하면 안 되죠. 엄마가
6075,직장인이세요?,아뇨 그냥 취미로 배우려고요
6148,지금은 가방 다 세일합니까?,전부 다 세일품목은 아니에요
6182,지금 파마할 수 있나요?,아니요 1시간 대기하셔야 해요
6184,지금 파마 가능한가요?,"아뇨, 조금 기다리셔야 합니다."
6225,지금 주소가 대구로 되어 있는 분께서 이전을 받으시는 거 맞습니까?,아니 대전인데요
6246,지금 제 머리에서 스트레이트 하면 너무 생머리 되는 거 아니예요?,"아니요, 굵게 마는 스트레이트도 있습니다"
6260,지금 자리가 꽉 차 있어요?,"아니요, 여자전용 자리 남아있습니다"
6273,지금 인근에 학교나 이런 것 관계있습니까?,"아니요, 학교랑은 상관없어요"
6360,지금 생리하시거나 곧 생리 날짜인가요?,아니요 저번 주에 끝났어요
6367,지금 상가주택 말고 임대로 나온 건 있어요?,임대로 상가주택이 아니라 상가 나온 게 있는데 저 바로 밑에 빵집이 나와있습니다
6414,지금 버스로만 이동을 하셔야 되는 부분이신가요,아니오 버스랑 지하철이랑 이렇게요
6453,지금 바로 오시죠?,아니요 시간은 좀 걸립니다.
6459,지금 바로 계산해야해요?,아니요 일단 식사하시고 계산하세요
6512,지금 그 외국 분이 방문을 안 하시는 건가요 선생님,아니요 방문하셨어요
6557,지갑을 버스에 놓고 내려가지고요,버스번호 한번 조회해서 제가 안내 도와드릴텐데 지금 보통 분실물은요 저희시청이나 구청에서는 안타깝게도 관리하고 있지 않고요 해당부분에서 있어서는 차 승객이 주워 가지 않는다면 기사측에서 버스회사에 모두 다 모아둡니다. 그래서 버스회사로 한번 문의할 수 있도록 전화번호 제가 조회해서 같이 드릴거구요
6590,중학생이면 전공 생각하시는 거예요?,"아니, 전공은 아니고 취미로"
6669,중간에 멈춰두고 쉴 수 있나요?,아니요 그건 불가능합니다
6674,중간 매운맛으로 주세요 공깃밥이 나오나요?,아니요 추가하셔야 합니다
6709,주촌에 있는 #주소#인가요?,"아뇨, #주소# 맞은편에 있는거요"
6720,주차할 수 있는 공간은 있나요?,아니요 주차할 수 있는 공간은 없습니다
6734,주차장이 여기서 멀죠?,아뇨 바로 뒤에 있어요
6885,주소는 뭐 // 일단 개인 승용차이신가요 선생님,아니요 이거 법인이거든요
6930,주민등록등본이나 호적등본 갖고 가야 돼요 ,개명을 하셨다면 그런 부분이 필요한데요 그거 아니시면 그냥 신분증만 가져오시면 되세요
6983,주문은 저기 가서 해야 되나요?,아니요 주문 결정하시고 불러주시면 돼요
6989,주문은 가능할까요?,아니요 품절이에요
6992,주문도 되나요?,아니요 그건 이제 주문이 안돼요
7090,죄송한데 카드는 되나요?,"아뇨, 카드는 안돼요"
7141,종이컵도 따로 오는가요?,아뇨 종이컵은 따로 없는데 없으면 종이컵 한 줄 같이 나가면 돼요
7206,좀 더 큰 건 없나요?,아니면 이것도 많이 찾으시는 제품이에요
7216,좀 더 낮은 거는 없나요?,이런 플랫 아니면 슬림한 거 많이 신어요
7287,조식비가 포함된 가격이에요?,"아니요, 조식비는 별도에요"
7290,조식도 주시는 거예요?,비즈니스 모텔이라서 밥 종류는 아니고 토스트 같은 게 나가요
7303,조식 포함되나요?,아니요 1인당 5천 원 추가돼요
7454,제품은 외국제품 써요?,"아뇨, 국산제품입니다"
7471,제조용법이 다른 거에요?,다른 건 아니고 아메리카노는 기계를 사용해서 고온 고압으로 내리는데 오늘의 커피는 드립 기계로 내려요
7509,제일 고가가 32만원?,아뇨 더 비싼 거 있어요
7547,제가 직방에서 제품번호 보고 왔는데 해당 방이 있나요?,아뇨 그 방은 방금 나갔습니다. 
7617,제가 시킨 거랑 똑같은 거예요?,아니요 저거는 소스가 뿌려져서 나와요 시키신 거는 소스 따로 나와요
7774,정 사이즈인가요?,아뇨 신발이 커서 한 치수 작은 거 신으시면 맞습니다
7775,정 사이즈로 나온 옷인가요?,아니요 넉넉하게 나온 옷이에요
7776,젓가락은 혹시 대나무 젓가락 사용해 주시나요?,아니요 그런 건 안 씁니다
7781,젓가락은 넣어주시는거에요?,아니오
7885,전에도 다른 캠프 가본 데 있나요?,아뇨
7979,전부 다 오천원이에요?,다는 아니고 개당 오천 원이에요
7981,전부 다 오십 프로에요?,아니요 일부 품목이요
8002,전공할 애들이에요?,아뇨 취미로 하는 애들이 더 많아요
8005,전골 종류 1인분도 주문이 되나요?,아니요 2인분 이상부터 주문 가능합니다
8016,적립하실 전화번호 등록하신거 있으세요?,아뇨 적립은 몇퍼센트 되나요?
8018,적립하고 할인카드 있습니까?,뉴발란스 어플 회원가입하시면 할인 가능하고요 아니면 적립 가능해요
8030,적립이나 할인카드는 되는가요?,아니오 안돼요
8058,적립 하시겠어요?,아니요 
8061,적립 쿠폰 있으세요?,아니오 하나 만들어 주세요
8076,저희들 한참 기다려야 하나요?,아니요 금방 나와요
8087,저희가 우유 배달 같은 거 하면은 전달은 가능한가요?,본인이 가지고 오든지 아니면 갖다 놓고 가면 제가 줄 수는 있습니다
8171,저쪽에 있는건 아이스크림이죠?,아니요 떠먹는 케이크에요
8175,저쪽 신발은 더 비싼가요?,"아니요, 가격은 똑같아요"
8207,저런 거는 카피죠?,카피가 아니고 아널드바신 정품입니다
8216,저당권 설정은 되어 있나요?,아뇨 등기부등본 보여드릴게요
8272,저녁에는 가격이 달라지는 거에요?,아뇨 런치 때도 이 가격으로 드실 수 있어요
8334,저기 육수 캔이라는 거는 다 파시는 거예요?,판매용이 아니고 전시용이에요
8371,저고리 수선비가 오만 원 이상 드나요?,"아뇨, 저고리 수선비는 보통 오만 원입니다"
8444,저 펌 하려면 오래 기다려야 하나요?,아니요 바로 하실 수 있습니다
8447,저 택시에서 그 지갑을 핸드폰을 분실했어요.,카드결재 하셨다면 오늘 바로는 그 바로 확인이 조금 어려운데요 그 오늘 사용하신 거는 내일 내일 익일날 유페이먼트라고 이제 그 회사에서 선생님께서 조회를 하실 수가 있구요 아니시다면은 카드회사쪽으로 전화를 해서 일단
8500,저 오토바이 남바가 사십칠 저 공팔구칠입니다. 인데 이게 차량이 이년 정도됐는데 정기검사가 나왔네요 거 아니 검사가 사년마다 한번 씩 있는 걸로 알고 있는데 벌써 나왔나 싶어서 내 물어 볼라고 전화했는데,우선은 지금 저희 콜센타에서 확인되는 부분은 아니고 검사 관련 해 가지고 확인해보실 수 있도록 선생님 관할구청에 교통과 전화번호를 제가 하나 안내 도와드려도 괜찮으시겠습니까?
8520,저 신발 만원에 해주실 수 있어요?,"아니요, 저거 손해보고 팔고 있어요"
8640,장화로요?,아니요 신발 편한 거 봄 신발
8653,장애인 단독으로 하신다는 말씀이세요,아뇨 고객단독으로요 장애인 빼고요
8662,장미 장식 이런 거는 다 18k에요?,아니요 다 순금이에요
8674,장갑은 인원수만큼 해요?,아니요 하나만 주시면 됩니다
8697,잠시만 여기 앉아서 마시다가 들고나가도 상관은 없죠?,오래만 앉아계시는거 아니면 괜찮아요 
8739,잔치국수 냉으로 돼요?,아뇨 냉은 안돼요 온면이에요
8754,작은 걸로 드릴까요?,아니요 큰 걸로 주세요
8757,작은 거는 세일 안 하나 봐요?,아니요 세일해서 13만 8천 원입니다
8764,작년에 팔았어야 더 많이 받겠네요?,"여기만 그런게 아니라, 다른 곳도 다 집값이 내려갔어요"
8765,작년 십이월에 시작하셨어요?,아뇨 이월에요
8781,자주 아프신가요?,아니요 자주는 아니고 가끔 이런 것 같아요
8785,자전거 캐리어만 가져가는 거예요 자전거도 같이 가져가는 거예요,아니요 캐리어 부착해서 오시면 되세요.
8851,자리 있어요?,아니요 만석입니다
8871,자리 아무 데나 앉으면 되나요?,아니요 이쪽에 앉으시면 됩니다
8900,자동차 번호만 변경이 가능해요?,아 그러시군요 선생님 정말 안타깝지만 저희가 현재는 선생님께서 이제 해당 번호가 마음에 들지 않은다고 해서 변경하실수 있는 시스템은 아니구요 선생님께서 머 번호가 우선은 훼손이 되어서 머 이부분을 분실을 하셨다거나 아니시다면 머 선생님께서 시도 시도간에 이사를 하셨다거나 또는 범죄에 노출이 되었다거나 이런 특별 사유가 있으실경우에 번호 변경이 가능합니다
8923,자동이체가 안 됩니까 되죠.,자동이체 신청은 은행에 직접 가셔 가지고 직접 해 주셔도 되시구요 아니면 제가 요금 부서 직통 번호 알려드릴 테니까요 따로 신청해 주셔야 되십니다.
8999,입시도 합니까?,입시까지 아니고요 중등까지는 하고 있어요
9058,일주일에?,아뇨 한 달에요 재료비도 다 포함되어 있어요
9068,일주일에 삼일은 되나요?,아뇨 매일 나오는 반으로 하셔야 해요
9096,일주일에 3일인가요?,아뇨 5일 다해요
9141,일요일은 쉬죠?,아니요 열어요
9143,일요일은 쉬시는?,아니요 쉬는 날 없어요
9149,일요일에도 영업하시나요?,"아니요, 일요일은 영업하지 않습니다."
9162,일요일도 하세요?,아뇨 닫아요
9172,일요일도 영업하나요?,"아뇨, 일요일은 쉽니다"
9176,일요일도 영업 해요?,아뇨 일요일은 안 해요
9203,일본에서 자재 가꼬와서 만드셨어요?,아뇨
9257,일반 개인 자가용 차량 이전하는 서류로 안내해 드릴거고요 그러면 선생님 양도 양수인 두분 다 방문이 가능합니까?,아니오
9268,일대일 수업은 아니고 여러 명 앉아 있으면 선생님이 다니면서 수업을 하시나요?,학원은 일대일은 아니죠 유치부들 같은 경우는 그룹식으로 모아서 하는 편이거든요
9271,일단은 선생님 두 분 간의 매매 금액은 있는 부분이십니까?,아니요
9276,일단요 지금 세일 기간은 아닌가 봐요?,세일 기간은 아니고 현금하시면 5프로 할인해드려요
9328,인테리어는 새로 하실 건가요?,아니요 이왕이면 인테리어가 잘 되어 있는 곳이었으면 좋겠습니다
9347,인조 가죽인가요?,아니요 천연가죽입니다. 
9380,인사돌 플러스 270정짜리 있어요?,"아니요, 270정은 없습니다"
9391,인근에 사세요?,"아뇨, #주소#에 살아요"
9407,인감도장은 뭐 때문에 필요하죠.,오시면은 그 양도증명서 고 작성을 하시는데요 양수인 란에 인감도장이 꼭 날인이 되어야 됩니다. 아니면 그 양도증명서를 하나 출력을 하셔서 양도인 란에 인감도장을 정확하게 찍어오셔도 되세요
9408,인감도장요,인감도장아니고 일반 도장 그냥 막 도장 가능합니다.
9711,이런걸 플랫슈즈라 그러나?,플랫슈즈까지는 아니고 단화라고 하지요
9826,이런 건 발 시려울까요?,사계절 신는 거라 추운 건 아닙니다
9831,이런 건 가죽이에요 비닐이에요?,비닐은 아니고 가죽만큼 좋은 재질이에요
9844,이런 거는 운동할 때 드는 가방인가 봐요?,아니요 그냥 쓰셔도 돼요
9878,이런 거는 어때요?,아뇨아뇨 그거 말고
9892,이런 거 해보셨어요?,아뇨 7살 때 1년 정도 했었어요
9912,이런 가방 큰 거 있어요?,여기요 아니면 이거요
9934,이게 프리 사이즈인가요?,아니요 육육사이즈부터 있어요
9943,이게 체인인가요?,전에 수제화할 때는 체인점이었고 지금은 아닙니다
9957,이게 정가에요?,정가는 아니고요 이게 아울렛 가격이에요
9963,이게 일인 식사에요?,아뇨 초밥이 한 개씩이거든요
9966,이게 이십프로 해서 그거에요?,아니요 여기서 또 할인해요
9967,이게 이미테이션이에요?,아뇨 다 은이에요
10000,이게 사이즈가 다 작죠?,아니요 맞습니다
10007,이게 백짬뽕이에요?,아니요 우동이에요
10022,이게 많이 파였어요?,아니요 많이 파이지는 않았어요
10035,이게 그거 화학냄새 때문에 밖에 널어놔야 되죠?,아뇨 그래 안하셔도 됩니다
10042,이게 가죽인가요?,아니요 이거는 가죽은 아니에요
10044,이게 가죽이에요 ?,가죽 아니에요
10074,이것도 여성 제품이에요?,아니요 이거는 남성 제품이요
10227,이건 가죽이에요?,아니요 여기 있는 것들은 저렴한 거라 가죽이 아니에요
10265,이거는 할인해요?,여기는 할인 아니고요
10329,이거는 원피스 형으로 나온 거에요?,아니요 짧은 블라우스 형식입니다
10335,이거는 오땡큐고?,오땡큐는 벤토 나이트라는 돌가루가 이액에 들어가 있어 완전 천연이 아니죠
10338,이거는 에나멜인가요?,아니요 가죽이에요
10434,이거는 소재가 가죽이에요?,아니요 여기 가죽은 없어요
10479,이거는 배낭처럼 메면 되나요?,이렇게 들고 다니셔도 되고 아니면 이렇게 하셔도 돼요
10502,이거는 물 저 먹으라는 거예요?,그거는 아니에요
10549,이거는 남자 거예요?,아니요 다 여자겁니다
10607,이거는 50프로 할인하는 거에요?,아니요 여기도 더 있어요
10609,이거는 230 있어요?,아니요 그거 한 개 남았어요
10623,이거 합피지예?,아니요
10653,이거 키플링인가요?,아니요
10707,이거 은침인가요?,이 제품은 은침은 아니에요
10714,이거 외국 브랜드에요?,아뇨 한국 브랜드에요
10753,이거 썰어주죠?,아뇨 안 썰어서 나가요 칼 드릴게요
10788,이거 세무예요?,세무는 아니고 그냥 합성피혁입니다
10841,이거 미끄러질 거 같은데?,아니요 밑에 미끄럼 방지가 다 되어있어요
10862,이거 말씀하시는 건가요?,아니요 면으로 된 거요
10872,이거 뜨거운 물 인가요?,아뇨 그냥 밀면은 차가운 물이고 뜨거운 버튼 누르고 밀면 뜨거운 물입니다
10882,이거 되죠?,이 카드는 할인되는 카드는 아니세요 제로 카드는 포인트 있으시면 포인트 차감되는 카드고요
10886,이거 대구분이 사시는 건가요,아니요 저 경북
10908,이거 끈도 달려있어요?,아니요
10937,이거 각이 딱 잡혀있어요?,아니요 각 잡히는 디자인은 아니에요
10939,이거 가죽이에요?,아니요 가죽이면 7만 9천원이 나올 수가 없어요
10940,이거 가죽이에요?,아니죠 삼만 원대인데요
10972,이거 230 있는데 어떠세요?,제 스타일이 아니어 가지고 
11044,이 크로스백은 가죽이에요?,아니요 가죽은 이 금액으로는 안 나와요
11050,이 쿠폰 결제하려고 하는데 그러면 결제가 안 되나요?,아니요 케이크를 다른 케이크로 고르 실 수 있어요
11161,이 제품은 약이에요?,아니요 의약품은 아니고 보조식품으로 철분 강화에 좋은 제품입니다
11177,이 제품은 가죽이 좀 다르네요?,그 제품은 가죽이 아니에요
11208,이 제품 실버로도 나오나요,아뇨 18k만 있습니다
11254,이 원피스는 한 가지 색깔밖에 없나요?,아니요 검은색과 흰색 두 가지 있어요
11258,이 원피스 사이즈 L 있나요?,아니요 L은 지금 품절입니다
11341,이 옷은 세트 상품인가요?,아니오 따로 구성되어 있습니다
11345,이 옷은 사이즈가 프리인가요?,아니요 S사이즈부터 XL 사이즈까지 있습니다
11492,이 안에 돈까스가 있어요?,아뇨 이건 돈까스 안들어가있어요
11509,이 신발이 그 부스트 쿠셔닝이라 카는 거예요?,"아니요, 부스트 쿠셔닝은 이거에요"
11514,"이 신발은 여자애들 거고, 남자도 신어요?","아뇨, 남자 신발은 따로 이층에 있어요"
11525,이 신발은 너무 젊은 느낌 아닌가요?,아니요 이게 가죽에 포인트를 준 거라 고급스러워 보여요
11532,이 신발도 젊은 사람들이 신는 거 같네요?,"아니에요, 나이 드신 분들도 신으세요"
11534,이 신발 젊은 사람도 많이 사가요?,"아니요, 젊은 사람들은 별로 사가지 않아요"
11569,이 스웨터 재질은 세탁기를 돌려도 되나요?,아뇨 손빨래를 하셔야 해요
11646,이 보조가방은 천 만드신 거예요?,아니 직접 만든 건 아니에요
11702,이 목걸이는 길이 조절이 가능한가요?,아니요 이 상품은 길이 조절이 되지 않습니다
11710,이 모델은 색상이 이거 하나인가요?,아니요 레드와 화이트도 있습니다
11723,이 맨투맨은 컬러가 이렇게 3가지인가요?,아니요 원래 총 4컬러인데 oo 컬러 하나가 품절입니다
11726,이 매장에 데바데가 깔려있나요?,아니요
11742,이 땅에 건물을 지을 수 있나요?,"아뇨, 지을 수 없습니다."
11776,이 다이아에 색깔을 다 넣은건가요?,아니요 원래 다이아 색깔이 그래요
11778,이 니트 프리사이즈인가요?,아니요 사이즈 다양하게 나와요
11811,이 귀걸이는 은인 가요?,은 제품은 아니에요
11846,이 가죽 가방은 가볍네요?,"그 가방은 가죽 가방이 아니에요, 가죽 가방은 이런 제품이에요"
11892,"이 가방은 가죽도 아닌데, 왜 더 비싸요?",이 가방 가죽은 좋은 가죽이 아니라서요
11946,이 가격에 조식이 포함된 건가요?,"아니요, 조식은 추가 결제인데, 두 분이 삼만원 추가하면 뷔페도 이용 가능하세요"
11996,음식도 미리 전화로 주문해야 하나요?,아니요 음식은 오셔서 주문해야 합니다
12042,음식 가지고 가도 괜찮나요?,주류만 아니면 괜찮습니다
12124,음료나 커피는 셀프예요?,아니요 가져다드릴게요
12158,음료 가져가시나요?,아니요 먹고 갈 거에요
12164,음 코란도씨는 승합차량에 해당되시는 건가요,아니요 승율일이
12170,음 지금 차량을 그러시면 지금 현재 차주분 하고 차를 새로 받으시는 분 두 분 같이 방문하실 예정이신가요,아니요.
12172,음 잠시만 기다리십시오. 실례지만 그 실제로 매매 금액이 따로 있습니까?,아니요. 없는데 금액 그냥
12198,음 그러면 이게 공동요금이라가 제가 이걸 넣고 출력하는 방법은 없어요. 이거 보냈다 카는 거,영수증을 따로 선생님이 출력하실 수 있는 부분이 아니라 수납 확인 후에 저희 쪽으로 재요청하셔야 되시거든요 요금 부서 전화번호 안내 도와드리겠습니다. 육백칠십에요 삼천육백이십번입니다.
12203,음 그 지금 있는 차주에서 이전인데 꼭 대구에서 해야돼요,아닙니다 선생님 전국어디에서나 가능합니다
12204,음 그 법인서류가 그 제가 그 샀는 쪽에 그 그 사람들도 나와야 되나요,아니요. 선생님이 서류 받아서 오시면 됩니다.
12222,율하동 말곤 없어예 좀 더 가까운 데,선생님 죄송합니다만 대구에는 선생님 이게 뭐 구 별로 있거나 뭐 이렇게 차량등록사업소가 많은 게 아니라서
12283,유료주차장이요?,아뇨 건물 뒤에 그냥 세우시면 돼요
12357,웨이팅 있나요?,아니요 없습니다.
12373,월세랑 관리비 합쳐서 40 이하인 게 있나요?,아니요 없습니다.
12387,월세가 최소 백오십만 원 가량은 해야 되는 거죠?,"백오십만 원 정도가 아니라 월세 이백삼십만 원, 이백오십만 원은 줘야 하고, 지하철 올라오는 곳에 월세로 이백팔십만 원짜리 있어요"
12449,원장님은 영어 전공하셨어요?,아뇨 전 컴퓨터 전공입니다
12527,원래 드시던 것 있나요?,아뇨 딱히 없어요
12528,원래 금은방 장사를 하고 계세요?,"아뇨, 우리 아저씨가 친구가 있어서요"
12536,원두는 브라질산인가요?,아니요 페루산입니다
12539,원두는 갈아서 파시나요?,아뇨 원두는 안 팔고 있습니다 
12563,"운동화를 한 번에 세 개정도 맡기려고 하는데, 세 개정도 맡기면 더 깎아주나요?",운동화는 할인 품목이 아닙니다
12577,운동화 찾으세요?,아뇨 
12597,운동 쪽으로 진로 생각하고 계신 거예요?,아니요 그건 아니고
12618,우선은 외부번호판장치를 먼저 부착하고 예 그 외부번호판장치가 그 부착된 차량을 가지고 방문하셔서 외부번호판 교부를 받으시면 되는데 그 차주님 내방하실 계획입니까?,아니요아니요 차주는 아닌 데
12621,우선은 번호판을 분실하셨다 하시면 선생님 경찰서로 분실 신고는 하셨나요,아니요. 안했어요. 오늘 아침에 확인 후에 알았어요.
12653,우리가 이쪽으로 옮길까요?,아니요 괜찮아요 여기 4인석이라서요
12750,요즘 피파 이벤트 카드 하던데 진행하고 있나요?,아니요 피파 이벤트는 오늘부로 종료입니다
12853,"요런 것도 많이 하더라. 큐빅 달렸고, 그죠?",큐빅이 아니고 징이에요
12867,요기 배달료 포함인가요?,아니요
12873,요금은 회원가입을 해야만 사용이 가능한가요?,아니요 비회원도 사용 가능합니다
12907,요금 지불은 카드로도 가능한가요?,아니요 저희는 카드 단말기가 없어서 불가능합니다
12974,요거 스트라이프 베스트 이거 겨울용인가보다 그죠?,아니요 이거 봄신상 입니다
13085,요 신발은 15만 9천원 다 받죠?,아뇨 그건 정가고 그 밑에 한 줄이 할인가에요
13166,외상 가능하나요?,아니요 안됩니다
13167,외부음식도 주문할 수 있나요?,아니요 외부음식은 주문하실 수 없으세요
13510,오메가3는 보통 어른들이 먹는 거 아닌가요?,"아뇨, 오메가3는 눈 건조 완화도 되고, 혈액순환에도 도움을 줍니다"
13537,오렌지 주스는 있나요?,아니요
13553,오래 기다려야 돼요?,아뇨 금방 됩니다
13610,오늘 주무셔야 되죠?,오늘부턴 아니고
13613,오늘 제품 수령 가능한가요?,"아니요, 오늘은 어려울 것 같습니다."
13687,오늘 나 원장님 나오셨어요?,아니요 오늘 나 원장님 쉬시는 날이세요
13688,오늘 꼭 온돌 룸에서 묵어야 하면요?,온돌 룸은 내일부터 투숙이 가능하세요. 아니면 패밀리 트윈 객실이 싱글 침대 하나랑 더블 침대 하나 들어가는 객실이 있어요
13713,옛날 달성군청 앞에 버스정류장에 있는 손님들이 기다릴 때 앉을 수 있는 의자 수평이 지금 삐딱해요 그것 좀 시정하세요.,건너가 아니고 앞쪽이 맞으시죠. 선생님 해당부서로 전달을 해서요 시정조치될 수 있도록
13716,예전엔 6천 원에 했던 것 같은데 가격이 올랐나요?,아뇨 드라이 가격 올리지 않았습니다
13717,예전에는 체인점이였어요?,처음에 오픈할 때는 체인이였는데 지금은 아니죠
13723,예예 이번엔 그러면 양 같이 양도를 같이 받으시는 선생님께서는  일반인이 맞으세요 취득세 혜택때문에 국가유공자는 아니시죠?,아닙니다.
13760,예약하신 건가요?,아뇨
13761,예약하시고 오셨어요?,아니요
13766,예약하셨나요?,아닙니다
13862,예고를 보내실 건가요?,그거는 아니고 취미를 몇 달 배우면 좋겠다 싶어서요
13888,예 혹시 방문은 선생님 두분 다 가능합니까?,아뇨 제 혼자 가야 되지 싶은데
13889,예 혹시 뒤에 번호판분실하셨어요 앞에 번호판분실하셨어요,아니 앞에꺼요
13903,예 테이크아웃 하면 더 저렴해요?,아니요 가격은 똑같습니다
13967,예 지금 자동이체 신청 해주시고,아 그럼 자동이체 해지는 저희 전화 콜센타에서 바로 할수 있는게 아니라 수도사업소 요금계 담당자랑 통화를 해보시면 가능하시거든요
14115,예 어 쌤 이 차량이 아이사십 살룬이라는 차가 맞습니까?,아니요. 큐엠 삼성 큐엠파이븐데
14141,예 아 도장이 지금 없는데 사인은 안 됩니까?,사인은 안 됩니다. 본인이 오시는 경우에만 사인으로 가능합니다. 아니면 어 본인서명사실확인서로 발급을 받으시면 사인하셔도 되거든요
14207,예 서류 안내 다 도와 드렸습니다 저희 평일 오전 아홉시부터 오후여섯시까지 근무인데요 점심시간없이 교대근무하고 있지만 오후 시간에는 대기자분 있을 수 있기 때문에 늦어도 다섯시삼십분 이전까지 방문해 주시고요 혹시 선생님 차량에 번호앞에 대구지역으로 시작하는 번호판은 아닌가요,아닙니다
14253,예 두 개 같이 다 낼건데 카드로 낼건데,카드로 납부를 하실려면 선생님께서 체납고지서 가지고 있으셔야되구 체납고지서와 당월고지서를 가지고 은행에 가셔서 고지서로 납부하시는 그 에이티엠기 아시죠 그걸로 하시던지 아니면은 인터넷으로 사이트에서 가능하세요 바로 저희가 여기에서 카드납부는 안되시거든요 수도요금은
14269,예 근데 그 민원실에 그 여권 사진 찍어주는데 있나요 ,아니요 민원실에는 따로 없구요 시청부근에 보면은 사진관이 몇 개 있기는 한데요
14408,"옆 건물은 상권도 좋고 위치도 좋은데, 비어있는 모퉁이 건물 시세가 비싼데 한번 가보시겠어요?",아니요 그냥 잠깐 알아보고 있어요
14412,영천 학생이세요?,"아뇨, 경대"
14462,영어 수업 말고 다르것도 하나요?,아뇨 영어만 전문적으로 해요
14464,영어 듣기는 혼자 그냥 반복하면서 집에서 하는거네요?,아니요 여기서 합니다
14467,영양제를 처음 드시는 건가요?,아니요 다른 영양제 많이 드셨죠
14469,영양제라는게 보통 비타민인가요?,백프로 비타민은 아니지만 팔십프로는 비타민입니다
14485,영양까지 하실 건가요,아니요 염색만 하려고 하는데요
14529,영수증 필요하시나요?,아니요 버려주세요
14613,영수증 드릴까요?,아니요
14614,영수증 드릴까요?,아니요 버려주세요
14615,영수증 드릴까요?,아니요 영수증 괜찮아요
14616,영수증 드릴까요?,아니요 영수증은 괜찮습니다
14644,염색이랑 파마를 같이 할 수 있나요?,아니요 손상도가 심해질 수 있어서 염색이나 파마 중 한 가지만 하시는 걸 추천드릴게요
14664,염색에 혹시 기장 추가 있나요?,아니요 기장 추가는 따로 없습니다
14678,염색도 같이 할 수 있을까요,아니요 머리가 상하셔서 같이 시술은 힘듭니다
14776,연계된 렌터카 회사가 있나요?,"아니요, 연계된 렌터카 회사는 없어요"
14791,여학생인가요?,아뇨 남자
14834,여자아이죠?,아니요 남자애요
14838,여자분들 신발 찾으세요?,"아니요, 우리 남자 애 사줄건데"
14839,여자분들 등산화 발목까지 올라오는 거 찾으세요?,"아니요, 올라오는 거는 불편해서요."
14840,여자를 위한 유산균이 별도로 이 YY유산균이구나,아뇨 YY유산균은 남자용이고 밑에 이 XX유산균이 여자용입니다
14851,여자 선생님이 관장님이세요?,아뇨 저는 사범님이에요
14871,여보세요 저희 수도요금이 아직 안 나와 가지고요,선생님 아니시면은 제가 지금 그 수성구 그 관할수도 요금 요금 쪽으로 바로 한 번 연결 도와드릴게요 잠시만 기다려 주세요 육칠공에 삼사이영번으로 연결하겠습니다.
14974,여기서 만드시는 거예요 ?,아니요 서울에서 만들어 옵니다
14981,여기서 귀 뚫을 수 있나요?,아니요
14995,여기도 카카오페이 이런 거 결제할 수 있어요?,아니요 저희가 지금은 결제할 수 있는 시스템이 안 들어왔어요
14997,여기도 적립돼요?,아뇨 안돼요
15006,여기다 넣으까요?,아니요 포장봉투에 넣어드릴게요
15013,여기는 할인이나 적립되는 카드 뭐죠?,CJ ONE 적립되고 아니면 CJ카드라고 붙여져 있는거요
15092,여기는 배달도 돼요?,배달은 안되고 포장만 가능하세요 아니면 퀵으로는 해드려요
15158,여기가 여기보다 좀 비싼 가요?,아니요 가격대가 다 섞여 있어요
15172,여기가 남자 코너가 맞나요?,아니요 이 곳은 여성분들을 위한 코너입니다
15191,여기 회원가입을 해야지만 이용할 수 있나요?,아니요 회원가입을 하지 않더라도 이용할 수 있습니다
15216,여기 혼자 왔는데 먹어도 되죠? 여기서 주문받아요?,아니요 앉아계시면 해드릴게요
15219,여기 혹시 후불도 가능할까요?,아니요 저희는 선불만 됩니다
15284,여기 포장되있는건 모듬초밥이에요?,아니요 비세트요
15326,여기 커플석은 있나요?,아니요 커플석은 없습니다
15333,여기 카카오페이나 온누리상품권도 받으실까요?,아뇨
15353,여기 초등학생만 하나요?,아뇨 중학생까지 해요
15356,여기 체인점인가요?,아뇨 저희는 체인점이 아닙니다
15358,여기 체인점이에요?,아뇨 개인 카페입니다
15359,여기 체인점이에요?,아니요 지금은 아니에요
15360,여기 체인점이신가요?,아닙니다
15389,여기 주차할 수 있는 공간은 있어요?,아니요 주차 공간은 없습니다
15438,여기 적립되나요?,아니요 적립은 따로 없어요
15452,여기 있는 옷들도 다 큰 치수죠?,저 옷은 큰 치수 아니에요
15454,여기 있는 신발들은 280 사이즈 다 있죠?,"아니요, 다 있진 않아요"
15476,여기 일식 전문점이에요?,아니요 일식도 있고 한식도 있고 다 있어요
15628,여기 세탁 수거도 해주시나요?,아뇨
15672,여기 브랜드가 있어요?,아뇨
15710,여기 배달도 되나요?,아니요 배달은 안 해요
15718,여기 밥 볶아 먹으려면 이 인분 시켜야 해요?,아니요 오천 원 시키시고 볶으시면 돼요
15813,여기 매장에 나이키 취리히 블랙 240사이즈 재고 있나요?,아니요 현재 재고가 다 소진되어 따로 주문하셔야 합니다
15882,여기 김밥이 매워요?,김밥이 아니라 어묵이에요
15913,여기 계추하려면 미리 전화를 걸고 해야돼요?,아뇨 상관없어요
15926,여기 건물에 주차할 곳은 있어요?,아니요 주차할 곳은 없습니다
15975,여권이중국에사는사람인데요여권이만료됐는데십일년으로만료됐는데새로낼라카면뭐지참해야될게뭡니까?,그러면 이제 중구청 제외하고 가까운 구청민원실이나 아니면은 시청민원실에 방문하셔가지고 신규로 발급해 신청해 주시면 되는데 오실 때 이제 선생님 그 본인 직접 방문하시고 신분증하고 새로 찍은 여권용 사진 두 장이 필요합니다.
15995,여권 유효기간은 남아 있습니까?,아뇨 지났습니다.
16014,여권 기한이 다돼가지고 새로 재발급 해야되가지고요,아 그러세요 선생님 그런 경우는 신규 발급하고 동일하구요 저희 머 시청이나 아니면 중구청만 제외하고 가까운 구청 방문을 해주시면 되는데요
16015,여권 갱신 할라고 그러는데요,여권이 기존에 있으시다고 하더라도 기간이 연장되는 개념은 아니구요 선생님께서 다시 재발급을 해주셔야 합니다
16030,여 불로동 삼 다시 삼십사번지 여 강변도론데 왜 자꾸 공항가는 사람이 여 거주자 우선 지역 아닙니까?,지금 선생님 정말 죄송하게도 지금 해당차량이 불법주정차는 아니고 해당 그 차량에 있어서 거주자 우선 구역인지 아닌지를 한번 먼저 확인하고 그런 부분이라면 머 어떻게 조치가 되지 않는지에 대해서는 선생님 저희 평일날 보통 시청에 주차계획팀이라든가 이런 쪽으로 조례를 먼저 한번 문의를 해 보셔야 될 거 같애요.
16034,엠보다 더 작은 거는 있어요?,아니요 엠보다 작은 사이즈는 없어요
16102,에그마요라는 건 달걀을 스크램블 한 거예요?,아뇨 삶은 계란을 으깨가지고 넣어요
16557,어학 상담도 하시나요?,"아니요, 어학 상담은 하지 않아요."
16573,어제 술 드셨나요?,아니요 술은 안 먹었어요
16592,어머니께서 덩치가 좀 있으십니까?,아니요 저보다 조금 작으세요
16619,어른들이 좋아하는 스타일이 뭔가요?,"어른들은 보통 한우 불고기 아니면 클래식 치즈 버거, 좀 매콤한 거 좋아하시면 이거요"
16930,어떠세요? 작아요?,아뇨 작지는 않는데 
17145,어 혹시라도 이제 저희 선생님 차량 가져가실 거 맞으시죠,아니 차는 안가가고
17193,어 예 선생님 혹시 차량번호 말씀은 가능하시겠습니까?,아뇨 아직 차 등록은 안 했는데
17196,어 여권발급이라면 선생님 이번에 여권 처음 신청하시는겁니까?,아니요 제가 한 아 이십년가까이 전에 한번 간적 있어요
17198,어 어제 그거 한 열 시쯤에 급행칠번에서 그거 주민등록증이랑 잃어버렸는데 혹시 없어요. 찾은 찾은 거,아 쌤 죄송합니다. 저희가 그 분실물 관련해서는 저희쪽에서 따로 분실물 센터가 운영이 되는 것은 아니구요 일반적으로 이제 그 차량이 종점에 들어가면은 기사분께서 차량안에 있는 분실물을 모아가지고 버스 회사에서 보관을 하고 있거든요 가장 먼저 버스 회사쪽과 통화를 해 보셔야 되는데요
17208,어 선생님 일단 차 번호는 정확하지 않은 것으로 확인이 되고요 선생님 대구가 들어가는 옛날 초록색번호판입니까?,아닙니다. 흰판입니다.
17289,양손 장갑이 끈으로 연결되어있는 상품이 있나요?,아니요 고객님 아쉽지만 저희 상품에는 없습니다
17297,양복은 허리 줄여주나요?,"아뇨, 바지는 줄여드립니다"
17343,양념소스만 더 챙겨주신다 혹시 온누리 상품권도 돼요? 김해 온누리상품권,아니요 저희는 안됩니다
17348,양갈비는 잘 안 나가요?,아니요 양갈비도 잘 나가고 꿔바로우도 잘 나가요
17351,양 조금 더 주고 그런거 있어요?,아니요 담아준다고 더 주는거 없습니다
17410,약 이름이 레드클로바에요?,아뇨 성분이에요
17413,약 드시는 거 있으신가요,아뇨 없어요
17441,앵클부츠 스타일 찾아요?,아니 부츠 말고
17459,앱 할인되는가요?,아뇨
17551,앞하고 뒤 모두 다 이제 훼손이 됐나요 선생님,아니요 그냥 앞에 거만 지금 아까 아까 거 사고나면서 남바가 좀 다 찌그러졌어요
17574,앞에 저거 만원 카는 거는 앞에 거 긴 신발만 만원이에요?,"아니요, 여기 짧은 게 만원이에요."
17588,앞머리만 파마를 하고 싶으신가요?,"아니요, 머리 전체를요"
17592,앞머리는 이 정도면 될까요?,아뇨 조금만 더 잘라주세요
17595,앞머리 자르시면 밑에 웨이브가 다 잘라나가는데 괜찮으세요?,아니요 그냥 앞머리는 안 자를게요
17619,알밥은 일식이에요?,알밥은 그냥 김치볶음 들어가고 알 들어가고 야채 쪽파 들어가고 날치알이 들어가니까 일식은 아니죠
17655,안에서 드시나요?,아니요 테이크아웃 할게요
17737,아플 때마다 진통제 먹으면 몸에 해롭진 않을까요?,진통제를 생리 기간 내내 드시는 건 아니니 괜찮습니다
17786,아파트 저층은 좀 그런데요?,아파트 이층 아니면 꼭대기 층 밖에 없고 현대 #주소# 같은 경우에는 십이층도 있지만 수리는 다 해야 돼요
17807,아파트 서른두평이 한 이억 팔천만 원 하나요?,"아니요, #주소# 십삼층은 지금 이억 구천 오백만 원 정도 돼요"
17896,아침에 칠공팔번 반야월 쪽에서 출발한 거 자기가 버스정류장 지나가 놓고 그쪽에 있는데 문을 안 열어줘요 사람 있었는데 서야 되는 거 아니에요,좀 전에 무정차 통과를 했는 차량은 제가 보니까 대구버스가 아니고 경산버스로 확인이 되어서 경산버스는 대구시청에서 불편신고 접수가 안 되거든요 그래서 제가 선생님 핸드폰 번호 불러주시면 제가 경산시청 연락처를 문자로 보내 드릴테니까 경산시청은 지금은 통화가 안 될 거에요 아홉시 이후에 통화하시면 되겠습니다
17958,아이스인가요?,아뇨 핫으로요
17972,아이스 프라푸치노에 휘핑크림 올려드릴까요?,아뇨
17982,아이스 아메리카노와 따뜻한 아메리카노 가격 차이 있나요?,아니요 아메리카노는 아이스여도 추가 금액 받지 않습니다
17985,아이스 아메리카노로 드릴까요?,아니요 아메리카노 뜨거운 걸로 주세요
18008,아이스 아메리카노 포장이신가요?,아니요 매장에서 먹을게요
18011,아이스 아메리카노 숏사이즈로 돼요?,아뇨 아이스는 톨 사이즈부터 가능하세요
18160,아무 자리에 가서 하면 되나요?,아뇨 지정석으로 안내해드릴게요
18247,아메리카노 따뜻한 건가요?,아니요 아이스 아메리카로 주세요
18267,아드님이에요?,아뇨 딸이에요
18269,아드님이 당구를 한 번도 쳐본 적은 없죠?,"아니요, 취미로는 쳤죠. 그런데 대회는 안 나가봤죠"
18301,아니요 방이 있습니까?,아니요 방은 없고요 홀에 열 명 정도 앉을 수 있는 자리가 있어요
18330,아니구요 그러면은 분실신고를 하실 때 혹시 앞 뒤로 모두 분실신고가 된 건가요,아뇨 뒷번호판만요
18403,아까 그 말씀 주신 룸은 전망이 괜찮은 방인가요?,저희가 전 객실이 오션 뷰가 아니지만 아까 말씀드린 디럭스 트윈 같은 경우에는 바닷가 쪽에 있기에 뷰는 괜찮아요
18433,아 혹시 주인이 본인이신가요,아니요
18437,아 혹시 자동이체로 재등록할 수 있을까요 지금,자동이체는 관할 그 수도사업소에 요금계 쪽에 신청을 하시거나 아니면 가까운 은행에 방문하셔서 신청 가능하신 부분이신데요
18505,아 차 번호판 변경이시라면 선생님 혹시 차 번호판이 훼손되어서 번호판만 변경하시는 거세요,아니요. 그거 수 숫자까지요
18508,아 차 번호를 바꿀라고 하는데 바꿀 수 있는지 물어볼라꼬,선생님 죄송합니다만 지금 해당사유로는 변경하실 수는 없구요 자동차번호판을 분실하거나 도난당했을 경우나 아니면
18546,아 제가 가는데요 꼭 차를 가지고 가야 돼요,아니시면 선생님이 차 직접 운행이 어렵다고 하시면 선생님께서 직접 탈부착도 가능하기 때문에 차량등록사업소에서 봉인만 가지고 가셔도 되세요
18578,아 저 자동차를 제가 갖고 있는 거를 제 아는 사람한테 양도를 하면서 서류를 떼줘야 되는데 서류때문에 문의할려고요,양도 그니까 공동명의 두분 다 방문이 어렵기 때문에 인감증명서가 필요한데요 일반적인 인감증명서가 아니라 자동차매도용으로 발급을 받으시구요 그리고 그 인감증명서 안에 차를 받는 분 받는 분의 성함 주민번호 이 세 가지가 그 인감증명서 안에 기입이 되셔야 되구요 그리고 두분의 인감도장 그리고 자동차등록증
18579,아 저 자동차 등록증을 분실당해 카는데 그 등록사업소 가야 만들 수 있습니까?,자동차등록증을 분실하셔서 재교부받으실 때는 그 차량등록 사업소뿐만 아니라 가까운 구청가셔도 재교부받으실 수 있으세요 아니면 시간이 쪼끔 걸리긴 하는데요 주민센터에서도 재교부는 가능합니다.
18591,아 저 그 뭐지 제가 택시를 탔는데 그 지갑을 잃어버린 것 같아 가지고,우선은 카드 회사쪽 유페이먼트라고 하는 교통카드 회사가 있는데요 그 회사 카드결제를 했는데 택시번호를 알 수 있는지 한번 여쭤보시면은 확인이 가능하고요 택시번호를 가지고 법인택시나 개인택시 조합쪽으로 연락을 하셔서 선생님께서 지갑을 택시에 놓고 내리신 것 같다고 확인 좀 요청을 하시면은 다른 승객분이 주워가지 않고 기사님께서 보관을 하고 계시다면은 찾으실 수 있을 것 같은데 우선은 확인을 먼저 해 주셔야 됩니다. 그거는 제가 해 드릴 수 있는 부분은 아니고 선생님께서 직접 연락을 하셔서 번거롭더라도 연락을 하셔서 확인을 해 주셔야 되는 부분이세요 지금
18604,아 자동차등록증 재교부 받으신다는 말씀이시구요 지금 재증명 담당하는 부서로 안내해 드려야 되는데 자동차등록증 재교부에 대해서는 안내가 가능한 부분인데요 선생님 혹시 차주분 본인께서 직접 방문이 가능하신건가요,아니요 저 법인이거든요
18608,아 자동차 매매할 때 그 매도자가 지금 사람이 서울에 있어 가지고요 그 인감서류가 매도용 자동차 매도용 인감서류가 그게 주소랑 안 들어가 있는데 인감은 받아놨는데 인감 그걸로 되는 줄 ///,아니오 양도인은 저희가 자동차매도인인감증명서나 아니면 본인 서명 사실확인서 자동차매도용으로 발급해 주셔야 됩니다.
18635,아 이거는 인감증명서도 떼야 되고 본인서명사실확인서도 떼야 됩니까?,아니요 이게 동일한 기능입니다. 두 개 중에 하나 발급 받으시면 되는데
18645,아 이 그게 몇 층입니까?,민원실 쪽이라던가 아니면 관련 부서에서도 확인을 해 주실 겁니다.
18654,아 원래 쓰던 여권을 안가지고 가면 아예 새로 신청을 못 하네요 ,신청을 못 하시는 건 아니지만 그러신 경우에는 이게 분실처리처럼 그런 부분이 발생이 되기 때문에 선생님
18667,아 오늘 문 여나요,아 안타깝게도 주말에는 저희 차량등록사업소 운행지는 않습니다.
18678,아 예 확인 감사합니다 차주분께서 직접 방문 가능하십니까? 선생님,아니오 대리 갈거에요
18728,아 예 어 단독명의로 되어 있는 차량맞으시죠.,아니 이 차가 집사람앞으로 되어 있는데
18771,아 예 그러심 차 명의 받는 양수인께서는 방문 가능하시겠습니까?,아뇨 아뇨 제가 그거 바로 이전을 시켜 드리면
18774,아 예 그러면 저거는 있어야 되나요 뭐지 양도 양도하시는 분이 신분증이 있어야 되나요,아 아닙니다. 인감증명서 있기 때문에 신분증은 별도로 필요없으세요
18778,아 예 그러면 그 혹시 아버님 계십니까?,아니요 안 계세요
18811,아 여기 그러면 신랑꺼로 되어있으면 신랑꺼로 인증해야 되는거죠,아니요 상관없습니다 선생님 휴대폰에 본인 인증만 있으시면 되십니다
18879,아 선생님 혹시 전국번호로 변경하시는 건가요,아니요 차 차를 사서 번호판 변경할려구요
18983,아 네 확인 한번 해 드리겠습니다. 선생님 혹시 번호판을 분실하셨다면은 경찰에 신고하셔서 도난신고확인서받으셨어요,아니요 이제 그걸 할려고 그거하고 갈려고 하거든요 바로
19003,아 네 차량은 그냥 개인 일반 승용차이신가요,아니요 화물차입니다.
19071,아 네 선생님 혹시 신청하셨습니까? ,아니요 저 신청을 하러 이제 가야 합니다. 제가 거기 내야 할 서류가 있어 가지고
19081,아 네 선생님 지금 그 양도되시는 분과 양수되시는 분 두 분 함께 방문하십니까?,아닙니다. 그 제가 제가 그 양도인인데 그 양수인은 이제 못가구요 제가 업무를 봐야 될 것 같아서
19090,아 네 선생님 본 지금 혹시 이 차량 단독 명의세요,아니에요 그 우리 친정아버지랑 같인데
19195,아 그렇습니까? 혹시 선생님 택시번호는 기억나세요,아니오 그게 기억이 안나요
19197,아 그렇습니까? 중고 자동차 이전 말씀이신가요,아니 새 차 구입
19216,아 그렇군요 알겠습니다. 차량은 혹시 직접 끌고 가실 예정 맞으세요.,아뇨 그 차는 지금 서울에 가가 있기 때문에
19226,아 그럼 현재 차주 분은 방문이 어렵다는 말씀이신거지요,아뇨 같이 가면 됩니다.
19290,아 그러신가요 선생님 혹시 차주분 본인께서 방문가능하신건가요,본인 아니면 뭐 직원이 갈 것 같애요
19307,아 그러시군요 선생님 지금 그러면은 오늘 지금 처리를 하셔야 되는 부분 맞습니까?,아뇨 지금 응급처리는 해 놨어요 나중에 시간될 때 오셔가 해 주시면 돼요 이거는 수도사업소 관련이라 카더라고요
19315,아 그러셨군요 확인후 안내 도와드릴 텐데요 차량번호 알고 계십니까?,아뇨 차량번호 몰라요
19341,아 그러세요 지로로 납부를 하셨고,아니 그거 이거 기계에
19352,아 그러세요 선생님 혹시 차량이 뭐 엘피지나 그런 감면받는 차량이라는 말씀이신가요,아뇨 아뇨 그 상속을 받았는데
19382,아 그러면은 대백프라자있잖아요 대백프라자 대백프라자에서 신천대로로 올리라카면 거기가 통제구간인거죠.,아 그러시면은 신천대로는 통제가 되는 구간이 아니기 때문에 북대구 아이씨쪽으로 대로 쪽에는 통제가 되진 않는 데 아무래도 그 교통은 좀 많이 그 정체가 될 겁니다.
19383,아 그러면은 그거는 저저 차주 아니어도 아무나 지금 타고 있는 사람 가도 돼요 등록증만 갖고 가면예,등록증만 있으면 되는 건 아니구 다른 서류가 더 필요한데요 만약에 차주분께서 오지 못하실 때는 자동차 등록증하고 차주분의 신분증 그리구 차주분의 일반도장 인감 아닌 일반도장 준비하시면 되구요 그리고 방문하신 대리인께서는 신분증을 지참하심 됩니다.
19390,아 그러면 차를 가지고 가야 됩니까?,아니오 선생님 오늘 차량 기기판 보시고 오늘 몇 키로 탔는지 적으셔도 되고 핸드폰 사진 찍으셔도 됩니다.
19397,아 그러면 제가 등록증 발급하시는데 차 주님 본인께서 방문하시나요,아니요 제가 대리로 가야 되죠.
19430,아 그러면 면은 수타에요?,아니요 요즘 수타는 없습니다
19459,아 그래요 아 예 넣어두시고 그 차량은 혹시 가지고 오세요 선생님 이전하러 오시는 날에,아니요 차량 아직
19530,아 그 그럼 전화번호는 알 수 없나요,아 아니면 제가 채권콜센터번호를 하나 말씀을 드릴게요 지금 메모가능하세요
19601,쌤 도장 인감도장이어야 하나요,아니요 막도장있죠. 선생님
19630,십오년 차량 맞습니까?,아뇨 아뇨 삼오 루
19632,십삼일 쿠폰 가지고 계신 게 있으신가요?,"아니요, 쿠폰은 없어요"
19649,실버밖에 없나요?,아뇨 골드도 있어요
19655,실례지만 채무자가 법인은 아니십니까?,아니오 개인입니다.
19673,실례지만 선생님 새로 구매할려고 하시는 차가 신차입니까,아닙니다 중고입니다
19683,실례지만 1인 1메뉴 주문인가요?,아니요 편하게 시키시면 됩니다
19687,실내에서 일회용 사용 가능한가요?,아뇨 현재 법적으로 금지하고 있어요.
19713,신용카드도 되잖아예,아 죄송합니다. 선생님 오늘은 카드 결제 되지 않습니다. 저희가 카드 결제는 매달 십오일에서 말일까지만 가능합니다. 그런데 오늘이 구월 일일이어서 카드결제는 아직은 안 됩니다. 혹시라도 선생님께서 카드결제를 하신다면은 구월 십오일이 지나야지 가능한데요 그때 카드결제를 하실 때에는 은행 자동화 기기나 아니시면 위텍스 사이트를 통해서 결제하실 수 있습니다.
19742,신상도 똑같이 세일하나요?,아니요 신상은 세일 적용 안돼요
19961,시럽 넣어 드릴까요?,아니요
19974,시끄러운 게 싫어서 그런데 성인석은 따로 없나요?,안타깝지만 저희는 따로 구분을 하지 않아서요
20063,시간대는 그러면은 오후 24시간 풀로 다 돌아가는거에여?,"아니요, 오전 9시 오픈하고 새벽 2시 마감이에요"
20104,슬리퍼 이거는 가볍게 외출할 때 신는건가요?,아니요 그냥 이건 슬리퍼로 신으시는게 맞을 거 같아요.
20150,스타킹 드릴까요?,아뇨 그냥 맨발로 신을게요
20152,스타크래프트 가능한 자리죠,아뇨 그 자리 스타크래프트 안돼요
20158,스쿨버스 운행하실 때 보조교사 따라다니세요?,아뇨 없어요 제가 직접 태워서 앉히고 제가 문 열어주고 합니다
20288,순살도 마찬가지네요 가격은?,아뇨 순살은 2천 원 추가되세요
20368,수퍼맥스가 보스웰리아 성분이 더 많이 든거에요?,"아뇨, 여러가지 성분이 골고루 알차게 들었다고 보시면 됩니다"
20369,수타면이에요?,수타면은 아니고요
20454,수업은 뭘 하나요?,요즘은 태권도만 가르치는 게 아니라 줄넘기도 하고 학교 체육시간에 도움되게 많이 해요
20575,수면제 처방 가능한가요?,아뇨 처방전 없이는 불가능합니다.
20636,수능 치는데 필요한 기본 등급이 필요해서요,이쪽 학교 부근이 아니면 내신 잡기는 쉽지 않아요
20680,수강료를 일 년 치 끊거나 하나요?,아뇨 한 달마다 선입금 해주시면 돼요
20753,손님 지금 15000포인트 있으신데 사용해 드릴까요?,아니요 그냥 적립만 해주세요
20757,손가락 사이즈를 아시고 계시나요?,아니요 잘 모릅니다
20918,세탁은 여기에서 하는거에요?,아니요 여기에서는 접수만 하고 다 모아서 중앙 세탁소로 보내요
20919,세탁은 여기서 하시나요?,아니요 세탁물들을 전문 세탁공장으로 보냅니다
20940,세탁물 수거도 하시나요?,"아니요, 세탁물 수거는 안 하고 있습니다"
20956,세일한 가격인가요?,아니요 아울렛만 나오는 제품이라 회사에서부터 세일이 되어서 나옵니다
21038,세 명이서 치려고 하는데 각자 요금을 내야 하나요?,아니요 한 당구대를 1시간 이용하는 금액이에요
21105,성인이 이용하시는 거예요?,"아니요, 중학생이에요"
21110,"성인은 10000원이고 초등학생은 6000원인데, 지금 티켓을 구매하실 건가요?","아니요, 내일 오전에 이용할 건데요"
21116,성인반도 가능한가요?,성인반 따로 있는 게 아니라 레벨로 반을 나눠요
21120,성인도 영어 수강할 수 있어요?,아뇨 성인반은 없어요
21133,성인 네 분이세요?,"아니요, 아이들 두 명하고 성인 두 명이요"
21145,성서 우체국 옆요 거기가 지금 그 근처가 있다는 거죠.,근처는 아니고 거리는 조금 있는데요 그래도 여기가 제일 같은 달서구거든요
21180,선지는 여기서 하는 거예요?,아뇨
21226,선생님께서 혹시 한상태 선생님이세요?,아니오 저희 대표원장님이세요
21267,선생님 캐리어를 차량에 장착이 되어 있습니까?,아니요 아직 장착은 안 돼 있고 짐 주문해 논 상태거든요
21288,선생님 지금 양도 증명서 가지고 계세요,아니요.
21316,선생님 우선 그 채권을 지금 사고 팔고 해서 대략 저희가 일프로 정도를 예상해 드리는데 혹시 대구 주소로 이전하실 건가요,아니요. 수원 주소로요
21339,선생님 본인 여권 만드시는 거 맞습니까?,아뇨 저저 저희 모친 모친꺼 끝나 가지고 만들라 카는데요
21356,선생님 매매금액 따로 있습니까?,아니 없습니다. 매매이전만 하게
21370,선생님 그러시면 혹시 그 지금 기존에 사용하시던 여권은 그 가지고 계시는 거세요,아니요 이제 처음 발급받는거에요
21384,선생님 그 장애인 등록하시는 부분입니까?,아니요 아니요 아니요 내 차를 와이프 명의로 돌릴라고요
21404,선생님 개인자가용 말씀하시는 겁니까?,아니요 복지시설인데요 시설 이름으로 되어 있어서
21415,선불인가요?,아뇨 앉으시면 돼요
21424,선불로 내야 하나요?,아니요 후불로 하시면 됩니다
21455,선결제인가요?,아니요 나가실 때 결제하시면 됩니다
21459,서울에서 가까운 곳을 찾고 있는데 가능할까요?,경기도 광주 부근에 임야로 나온 매물이 있긴 한데 아마 투기 목적이 아니라면 지목변경이 가능할 듯도 싶어요
21502,샷은 원샷이 들아가나요?,"아니요, 기본 투샷 들어가요"
21567,생선은 뭔데요?,꽁치 아니면 고등어 나가요
21613,생과일 주스에요?,냉동과일 아니고 생과일입니다
21628,생각해둔 색상이 따로 있나요?,아니요 한번 보려고요
21665,색은 이것밖에 없나요?,아니요 두 가지 색상 준비되어 있습니다
21666,색은 이거 하나에요?,아뇨 회색도 있어요
21676,색상이 이거 한 가지인가요?,아니요 라임 검정 화이트 있어요
21794,새치 염색은 이 정도 색깔이 안 나오죠?,아니요 고객님이 원하시는 데로 어느 정도 밝게는 가능하세요 
21882,상의 입어볼 수 있나요?,"아니요, 상의는 착용 불가능합니다. "
21904,상사로는 이전 등록할 수가 있구요 그러면은 그럼 상사 주소지가 그러면은 대구로 되어,아 보니까 또 틀려요 아 대구는 아니죠.
21915,상담 좀 하려고 왔는데 수업 중 아니세요?,아닙니다
21923,상담 예약 하셨나요?,아니요
21931,"상가매매 55.9, 3.65 케놧네요. 이거 아파트 상간가요?",그건 아파트 상가는 아니고  공공기관 근처에 있는 중심상가에요
22059,삼백육십오일 영업하세요?,아니요 매주 일요일은 쉬어요
22062,삼백만 원에 삼십만 원은 요즘 신식이에요?,"완전 신식까지는 아니고 사 년에서 오 년 정도 된건데, 누가 봐도 괜찮은 집이에요"
22089,산에 갈 때 들기엔 조금 이상한가요?,아뇨 저희 가방은 트레킹 가방으로 유명해서 들기 좋아요
22106,사진관에 가가 사진 여섯장 찍고 이만원이라 해 가지고 금액이 좀 비싸가지고 그래서 물어보려고요 민원실에 여권 사진 찍을 수 있는지,아 없습니다. 선생님 죄송합니다.
22234,사인 가족이 묵을 수 있는 방 있어요?,온돌 객실 아니면 퀸사이즈 침대 하나랑 더블 사이즈 침대 하나 있는 객실이 있어요
22244,사이즈업 되나요?,"아니요, 한 사이즈로만 판매하고 있습니다."
22266,사이즈는 이게 많이 크다 그러지 예?,큰 거는 아니에요 높이가 높아서 커 보이는 겁니다
22518,사과주스는  리필 가능한가요?,아니요
22551,빵은 여기서 만든 거에요?,아뇨 콩빵만 매장에서 굽습니다
22559,빵 드시고 가세요?,아니요 빵 포장해주세요
22561,빨면 좀 그렇지 않을까?,조심해야 하는데 면이 아니니까 집에서 손 드라이해도 돼요
22589,빨간색 치마도 있나요?,아니요 없습니다.
22682,비용이 따로 추가가 되는 가요?,아니요
22708,비어있는 집이에요?,"아뇨, 비어있지는 않아요"
22712,비싼 약은 보험이 안되나 봐요?,"아뇨, 보험 적용된 가격이고, 지금 드리는 위장약이랑, 무좀약 하루 두 번 식후에 드시고, 약 드실때 술은 드시지 마세요"
22717,비싼 거는 좀 큰 거겠다 그죠?,작다고 싸고 그런 건 아니고요 재질에 따라서 틀려요
22767,비빔냉면도 해요?,아뇨 여름만 해요
22837,브로치 종류도 있어요?,아뇨 없어요
22913,불고기 에그 버거랑 치킨랩인가 하면 5000원이라고 행사하나요?,행사 아니고 원래 5000원이에요
22955,부츠로요?,아뇨 그냥.
22962,부작용 같은 건 없나요?,"속눈썹은 영구적이 아니라서, 부작용도 거의 없어 크게 문제 될 건 없습니다"
23005,봉투 필요하세요?,아니요 괜찮습니다
23008,봉사료는 저희가 드려야 되나요?,"아니요, 봉사료는 따로 없어요"
23054,본인이 직접 등록하실려고요?,제가 아니고 고2 학생이에요
23056,본인이 지내세요?,"아뇨, 우리 애들"
23058,본인이 입으시는 건가요?,아니요 선물하려고요
23072,본인이 상담받으러 오셨나요?,아뇨 우리애
23110,복부마사지 하면 살 좀 빠져요?,"복부마사지 하면 몇 번 받았다고 빠지는 게 아니고 오래 하셔야 해요, 그게 장운동이 되고 변비에도 좋고"
23114,보호자 기준이 장애인과 주소지가 동일한 직계배우자나 직계 존비속 그리고 비속의 배우자 그러니까 사위분도 가능하세요 그런데 일단은 신청할 당시에 장애인과 동일한 주소지가 되어 있어야 되고요 그리고 어머니 장애등급은 나오셨습니까?,아니오 이제 받으려고
23197,보증금 100만 원짜리 방 있나요?,아뇨 100만 원짜리는 없습니다. 
23240,변비가 있으신가요?,아뇨 변비는 없어요
23275,벗을 때는 그냥 위로 벗으면 되나요?,아니요 푸셔야 돼요
23277,법인차량이신가요,아닙니다. 개인
23278,법인차량도 아니시구요,법인차량도 아니시구요
23402,배달하면 퀵비를 따로 드려야됩니까?,아니요 그런 건 없습니다
23405,배달하면 배달료 따로 있나요?,아뇨 따로 없는데 배달하시면 이십 분 더 걸려요
23409,배달이나 수거 해 주시나요?,"아뇨, 저희는 따로 배달이나 수거 해 드리지 않고 있습니다"
23474,배달비는 따로 드려야 되나요?,아니요 그런 거 없어요
23475,배달비는 따로 드려야 돼요?,아니요 배달비는 따로 없습니다
23477,배달비 혹시 따로 받으시는가요?,아니요
23479,배달비 따로 드려야 되나요?,아뇨 배달비는 따로 없습니다
23480,배달비 따로 드려야 돼요?,아뇨
23495,배달료 따로 드려야 하나요?,아뇨 대신 거리에 따라서 퀵비가 차이가 나니까 배달 최소 금액이 달라져요 고객이 퀵비를 부담하신다고 하시면 작은 금액도 해드리고요
23496,배달료 따로 드려야 하나요?,아뇨 배달료 따로 없어요
23497,배달료 따로 드려야 되는거에요?,아니오 배달료 없어요
23498,배달료 따로 드려야 되나요?,아니요 없습니다
23501,배달되나요?,아니요
23513,배달도 되시죠?,아니요
23518,배달도 되나요?,아니요 배달은 안 됩니다
23576,방학 프로그램 있어요?,아뇨 단기적으로 가르치는 건 없어요
23585,방이 여기서 먼가요?,아뇨 바로 앞이에요
23728,밥이에요?,아니요
23744,밥 먹고 바로 먹으면 되나요?,아니요 30분 뒤에 드세요
23763,발이 크시네요?,"아뇨, 몸이 불편하셔갖고 뒤에 이렇게 손 여가 안 신고 푹 신고 하라고."
23794,받으시는 분께서 장애등급이 있는 것도 아니시고요,아니 아무것도 아니에요
23801,반팔 티 찾으시는 건가요?,아뇨
24052,바로 되나요?,아니요 한 열흘 걸립니다
24139,밀크티는 홍차에다가 우유 넣은거 아니에요?,우유에 넣은게 아니고 저희는 대만에서 갖고온 비싼 음료갖고 파우더를 넣은겁니다
24156,민원실에 그 여권 사진 찍어주는데 있나요 ,아니요 민원실에는 따로 없구요 시청부근에 보면은 사진관이 몇 개 있기는 한데요
24162,미원 넣은거 아니에요?,아닙니다
24165,미용실에서 뚫어주나요?,미용실에서도 뚫고 아니면은 악세사리 집에서 많이 뚫어요
24178,미술 교부랑은 별도로 장만해야 하나요?,"아뇨 스케치북, 팔레트, 물감 종류는 학원에 있는 거 다 드립니다"
24212,뮬 같은건 안나왔나요?,아니요 없어요
24275,뭐 번호 변경 원하시는 거세요,아니요
24279,뭐 명의는 해지되고 이름도 바꿔야 되잖아요,보통 그게 성함같은 경우에는 선생님 이게 선생님께서 수도 고지서를 그쪽에 거주하시기 때문에 받아 보시는 부분이신건 데 보통은 선생님 성함으로 고지를 된다고 해서 선생님 성함 납부 의무가 꼭 있으신 건 아니시구요 주소지로 해서 발송이 되는 부분이라서 선생님께서 이사를 가시고 난 이후에 이제 다른 세입자가 들어오시면 그 분들께서 다시 변경 신청하실 때 그때 변경해 주시면 되세요
24294,물티슈도 있나요?,아니요 물티슈는 따로 구비되어 있지 않습니다
24347,물은 셀프인가요?,아니요 갖다 드리겠습니다 
24364,물수건은 혹시 테이블 서랍 안에 들어있나요?,아니요 준비해 드릴게요
24400,물 빨래하면 돼요?,아뇨 이거는 가죽이라서 따로 물 빨래하실 필요 없고요 그냥 물티슈 같은 걸로 닦으시면 돼요
24519,못 받았는데 그러면 그 금액이랑 계좌번호 가상계좌 입금가능해요,지방세는 저희가 납부를 하는 게 아니라 선생님께 계신 북구청 세무과로 문의를 하셔야 됩니다.
24677,몇 학년이에요?,학생은 아니고요 7살인데요
25233,명의이전은 리스 이제 법인차량에서 개인명의로 이전하실 예정 아니신가요,아뇨 아뇨 그냥 계속 법인으로 가지고 갈 건데요
25234,명의이전 변경은 아니시구요,명의이전이 아니고
25278,며칠간 미리 받아볼 순 있나요?,아뇨 없어요
25305,멤버십 있으신가요,아뇨 그냥 주세요
25336,메뉴판에 없는 것도 주문 가능할까요?,아니요 고객님 메뉴판에 있는 것만 주문 가능합니다
25370,메뉴판 따로 있어요?,아니오
25398,메뉴가 뭐뭐 있노,메뉴가 다 여기있어요 아니면 위에 보셔도 됩니다
25409,메뉴 변경해도 되나요?,아뇨 이미 올라갔습니다
25438,먹으면 약 부작용 같은건 없어요?,화학적으로 만드는게 아니라서 부작용은 없어요
25462,먹고 가려면 한 줄 안되죠?,아뇨 한 줄 시켜도 돼요
25464,머핀이랑 쿠키는 만들어서 파시는 건가요?,아뇨 머핀이랑 쿠키는 조달하는 제품입니다
25577,맥스크루즈,아뇨 아뇨 삼오 루
25612,매장에서 테이크아웃 잔 사용 가능한가요?,"아뇨, 매장에서는 머그컵만 사용 가능합니다."
25632,매장 안에서 드실 건가요?,아뇨
25635,매입하실 건가요?,아니요 팔려고 왔습니다
25647,매일 삶아요? 그럼 아침에 삶으세요?,아침에 삶고 점심에도 한 번 삶고 한 번 끓여야 이튿날 쓰죠 이게 그냥 국이 아니다 보니까 고아야 하잖아요
25663,매운 돈가스가 제일 잘 나가죠?,아니요 그것보다 그냥 안심돈가스가 제일 잘 나가요
25788,많이 뚱뚱한데 왕따 당하고 그러진 않을까요?,저희 애들은 그런 스타일은 아니거든요
25800,많은 걸 원하시나요?,아니요 적은 게 좋죠
25812,만약에 투룸 같으면 남매가 쓸 수 있어요?,"투룸이 방 한 개, 거실 한 개가 있는거라 방이 두 개가 아니에요"
25831,만약에 딸내미 하고 같이 가도 이거 매도용 이거 다 띠가 가야 됩니까?,아니요. 선생님 두 분 다 같이 오시면은 매도용 인감증명서 필요 없고 두 분의 신분증이랑 자동차등록증만 가지고 오시면 되세요
25847,만두는 다 거기서 해가지고 오고요?,아니요 김밥을 다 거기서 해갖고 와요
25853,만두 같은 거예요?,아니요 그냥 빵이에요 안에 아무것도 안 들어있어요
26029,롯데 포인트 적립할까요?,아뇨 됐습니다
26054,레벨테스트하는데 오래 걸리나요?,아뇨
26057,레벨 테스트를 따로 하나요?,테스트라는 개념이 아니고 어떻게 공부를 같이 해나갈지 알아보는 과정이라고 하죠
26178,뜨거운 걸로 드릴까요?,아니요 아이스로요
26180,뚱뚱한 사람이라 목이 짧아서 모자 달린 걸 싫어하시던데?,"칼라가 있고 모자가 있으면 별론데, 이중이 아니라 바로 목이라서 괜찮아요"
26212,떡볶이 어린이가 먹어도 안 맵나요?,아니요 신라면보다 더 맵습니다
26227,떡볶이 1인분을 포장할 수 있나요?,아니요 떡볶이는 2인분부터 포장됩니다
26285,딸기 셔벗 되나요?,아니요 계절 메뉴라 지금은 불가능해요
26287,딴 애들 시간 피해가지고 오면 되네요?,아뇨 개인별 시간이 다 다르기 때문에 상관없습니다
26327,따뜻한 아메리카노로 드릴까요?,아니요 아이스로 주세요
26393,따뜻한 걸로 드릴까요?,아뇨 아이스로 해주세요
26394,따뜻한 걸로 드릴까요?,아니요 아이스로 주세요
26395,따뜻한 걸로 드릴까요?,아니요 아이스로 주세요
26410,따뜻한 거 맞으세요?,아니오 아이스로 주세요
26411,따뜻한 거 맞으세요?,아니요 시원한거요
26433,따듯한 라테로 준비해 드릴까요?,아니요 시원한 걸로 주세요
26473,디자인에 따라 수선 안되는 옷이 있나요?,수선이 안 되는 건 아니고 수선 종류에 따라 가격 차이가 나요
26505,등본 같은 거는 이런 거는 필요 없는 갑지요,아 두 분 다 같이 방문하시면 서류가 필요 없구요 만약에 차를 주시는 분이 방문을 못 하시게 되면은 등록은 아니구요 인감증명서가 필요한 겁니다. 자동차매도용으로 발급받으셔야 됩니다.
26545,드시고 가십니까?,아니요 가지고 갑니다
26559,드시고 가시는 거세요?,아니요
26573,드시고 가시나요?,아뇨 가지고 갈게요
26575,드시고 가시나요?,아니요 가져갈게요
26577,드시고 가시나요?,아니요 테이크 아웃 잔에 주세요
26578,드시고 가시나요?,아니요 테이크아웃이요
26579,드시고 가시나요?,아니요 테이크아웃하겠습니다
26580,드시고 가시나요?,아니요 테이크아웃할게요
26587,드시고 가시나요,아니요 캐리어에 담아주세요
26600,드시고 가세요?,아뇨 테이크아웃이요
26601,드시고 가세요?,아뇨 테이크아웃이요
26602,드시고 가세요?,아뇨 테이크아웃이요
26603,드시고 가세요?,아니요 가지고 갈게요
26604,드시고 가세요?,아니요 마시고가려고요
26605,드시고 가세요?,아니요 포장이요
26606,드시고 가세요?,아니요 포장해주세요
26609,드시고 가세요 ?,아뇨 테이크아웃이요
26662,둘 다 따뜻한 거 맞으세요?,아니요 아메리카노는 아이스로 주세요
26679,두부는 직접 만드세요?,아뇨
26708,두 병 사면 할인되나요?,아니요 할인은 안됩니다
26722,두 명 가격인가요?,아니요 한 사람당 5천 원이에요
26725,두 달에 삼십만원이라고 하셨죠?,"아니요 두 달에 십만원, 이십만원이요"
26769,동향하고 남향 가격차이가 많이 나나봐요?,꼭 그런 건 아니에요
26784,동생도 있나요?,아뇨
26815,돈코츠 라멘이 돈가스 들어가는 거예요?,아니요 돼지 우린 육수에요 진한거 좋아하시면 돈코츠랑 미소라멘 많이 찾으세요
26832,돈가스 판매하나요?,아니요 판매하지 않습니다
26932,더치 아메리카노는 아이스만 되죠?,아뇨 따뜻한 것도 됩니다
27085,대구에서 가장 가까운 데가 어데죠.,대구에는 수성구 만촌동쪽에 차량등록사업소나 아니면 성서 이곡동 쪽에 성서 경찰서 뒤편에 차량등록사업소 서부분소가 있는데 그쪽으로 방문하시면 되세요
27091,대구면옥이 체인점이에요?,아닙니다
27099,대구 수성구 만촌 삼동인데요 오늘 단수에요,아 선생님 관련해서 저희도 문의가 많아서 확인을 해봤는데 너무 안타깝게도 해당 만촌동하고 범어동이 지금 현재 단수이고 경동초등학교 근교에 도로 누수가 있어서 갑작스럽게 공사를 진행하고 있다고 합니다. 그래서 복구 되는데는 한 대략 두 시간 정도 소요가 된다고 하니까 조금만 양해 부탁드리겠습니다.
27105,대 다이로 드릴까요?,아뇨 중 다이면 충분합니다
27186,담백한 걸로 부탁드려요,담백한 걸로 하시면은 돈코츠나 아니면 미소가 좀 더 나을 거 같긴 한데요
27201,달서사업소에서 업무하고 있는데요 실례지만 계량기 숫자는 보셨습니까?,아니오 못봤는데
27219,단품 가격인가요?,아니요 세트 가격입니다
27235,단체 수업하나요?,아뇨 개인으로 합니다
27252,단무지는 셀프라요?,아니오 갖다 드릴게요
27297,단 맛은 안나는건가요?,심하게 짠 건 아니고 달면서 짜요
27320,다음 주되면 또 들어오나요?,아니요
27363,다른 태권도장하고 비교해서 특별한 거 그런 건 없죠?,저희는 한 가지 종목만 하는 게 아니라 합기도와 학교 체육 줄넘기까지 겸해서 진행되요
27429,다른 매장가서 교환되나요?,"아니요, 구매한 매장에서만 가능합니다. "
27434,다른 데보다 여기 사이즈가 좀 더 커요? ,기본적으로 레귤러는 두 분 아니면 세 분까지는 드실 수 있고요 라지는 3~4인용입니다
27480,다 컷팅 된거죠?,아니요 저희가 지금 바빠서 잘라 드리지를 못해서 커팅칼 넣어놨습니다
27545,누수가 된다고 누수탐사를 받으셨어요,아니요 받지는 않했어요
27693,"네, 적립 쿠폰 하나 만들어 드릴까요?",아니요 다음에 해주세요
27712,"네, 예약하셨나요?","아니요, 안 했습니다"
27728,"네, 어린이 동반한 4인인가요?",아니요 성인 4인이요
27804,"네, 누가 들어오실건데요?",제가 살 게 아니고 우리 애가 들어올 거에요
27877,네 혹시 쿠폰 있으신가요?,아뇨 만들어주세요
27891,네 혹시 이제 장애인이십니까?,아니요 없어요.
27900,네 혹시 양도는  양수인 혹시 모두 다 방문이 가능합니까?,아니요 저 양도인은 방문이 어려워요 저는 가기 어렵고 저는 대전에 대전에 살기 때문에
27914,네 혹시 기장에 따라서 펌 비용이 달라지나요?,아뇨 저희는 기장 추가 없고 파마는 8만 원입니다
27916,네 혹시 그 등록하시는 유공자 등급 가지고 있습니까?,아니요
27925,네 현재 그 방문자에 따라 서류가 달라집니다만 양수인 양도인 함께 방문 가능하신가요,아니요. 완전히 다른 사람이 갈려고 하는데요
27927,네 현금으로 하시겠어요?,아니요 카드로 결제할게요
27961,네 포인트 적립하시나요,아니요 기프티콘으로 결제할게요
27963,네 포인트 적립도 하실 건가요?,아뇨 필요 없어요
27980,네 쿠폰 있으세요?,아니요 하나 만들어주세요
27983,네 콜라는 따로 주문해야 하나요?,아니요 서비스로 같이 나갑니다
28033,네 차주께서 오실 수 있으신 겁니까?,차주는 아니고 대리인이 갈꺼 거든요
28071,네 차량은 개인 단독으로 되어있는 차량 맞습니까,아니요 단독은 아니구요 어머니랑 같이 반반으로 되어있는걸로 알고 있거든요
28172,네 중고차 이전이시구요,아니 중고차 이전이 아니구
28191,네 제작년도가 이천십사년식 맞으시고요,아니 이천십년식요
28229,네 저희 꺼 적립카드 있으세요?,아니오 하나 만들어주세요
28276,네 자동차등록사업소 방문 가능한 거 맞구요 다만 차량 이제 번호판 혹시 뭐 일이삼에서 삼오육으로 번호 자체를 변경하는 거세요,아니아니요
28310,네 이번에 나온 신상인데 한번 보시겠어요?,아니요 저는 롱패딩이 아니라 짧은 것을 입고 싶어요
28312,네 이따 왁스도 발라 드릴까요?,아니에요 그냥 에센스만 발라주세요
28381,네 영수증 챙겨드릴까요?,아니오 괜찮습니다
28464,네 어린이 추천 메뉴는 양이 적은 거죠?,아니요 똑같아요
28539,네 아이스로 드릴까요?,아니요 따뜻하게 부탁드릴게요
28583,네 시럽 넣어드릴까요?,아니요 시럽 없이 해주세요
28584,네 시럽 넣어드릴까요?,아니요 시럽은 빼주세요
28605,네 수고하십니다 저 죄송하지만 배달은 2인분 이상 가능하죠?,주문 단위가 인분이 아니고 저희는 한 마리요
28643,네 선생님 할 수 있는 방법 있는데요 현재 차주님이신가요 쌤님,아니요. 집사람 차주로 했는데 저도 같이 공동명의를 좀 할려면은 어떻게
28681,네 선생님 일단 네 기본적으로요 설명을 해드리려면 명의변경 네 하는데 그 매매금액이 따로 있습니까 선생님 두분가에,아니요 매매금액은 따로 없습니다
28831,네 뭐 해당 자녀가 미성년자는 아니시구요,아뇨 지금 스물여덟
28844,네 모하비 오인승 세금 면제됩니까? 대구,그러면은 보통은 이제 그 선생님께서 영업용이 아니라 비사업용으로 이천씨씨 미만이라고 이제 모하비가 되어 있다면은 이게 이제 채권이 면제가 가능하구요 올해까지는 내년 같은 경우는 어떻게 될지 모르겠지만 올해는 선생님 신규등록을 하게 되면은 이 모하비 알브이 차량으로 기재가 되어 있다면 면제가 가능합니다.
28887,네 머 하나 물어볼려구요 자동차 등록원부를 뗄라그러면은 본인이 가야됩니까,그러시면 차주분 아니시더라도 대리인이 나오셔서도 신청하실 수 있는데요
28905,네 막도장 네 네 네 가능하고요 그러면 해당되는 차량 운행하셔서 방문을 하실 겁니까?,아니요
28914,네 뜨거운 물 같이 준비해드릴까요?,아뇨 뜨거운 물 놔두고 아이스아메리카노만 주세요
28921,네 따로 찾으시는 선생님 계시나요,아뇨 처음 방문입니다
28927,네 드시고 가실 건가요?,아니요 테이크 아웃이요
28929,네 드시고 가시는 건가요?,아뇨 테이크아웃이요
28934,네 드시고 가시나요?,아니요 테이크아웃 할게요
28935,네 드시고 가시나요?,아니요 테이크아웃이요
28936,네 드시고 가시나요?,아니요 포장해주세요
28962,네 다 세트로 해야 되나요?,아니요 단품도 가능합니다
29017,네 그리고 차 받으시는 분의 주민등록상 주소지가 대구로 되어 있습니까?,아니 양산으로 돼 있을 것인데
29019,네 그리고 지금 차주분 서류는 이렇게 확인이 되고 되고 그 차 공동명의 하신다 하셨으니까 지금 차 그 이전 그 수 지분율 받으실 분께서는 방문해 주시는 건가요,아뇨 아뇨 같이 못 가면 어떻게 돼요 제가 다 하면 안 될까요
29020,네 그리고 제로 페이 가능한가요?,죄송합니다만 저희 매장은 제로 페이 가맹점이 아닙니다
29026,네 그리고 스파게티 쿠폰 3장 있는데 다 쓸 수 있나요?,아니요 쿠폰은 주문 당 한 장만 쓸 수 있습니다
29068,네 그럼 아버님 혹시 다른 형제 자매 분은 계시는가요,아뇨 아뇨 저 혼자에요
29113,네 그러세요 뭐 번호판 훼손되신거예요 아님 분실하신 거세요,아니 초록색인데 하얀색 긴걸로 바꾸고 싶은 데
29130,네 그러면 이제 어제까지 계량기 숫자 확인하셨어요,아니 못했어요
29170,네 그 쪽 그 양 지금 양도인께서 방문을 못하시는 겁니까?,아뇨 양도 양수인 다 같이 가지 싶은데요
29185,네 그 서식 그 명칭은 자가용 화물,자가용이 아니고요 영업용인데
29214,네 고렇게 내방하시면 되는데 공동 명의를 하시거나 장애인분이십니까?,아니요
29215,네 고객님이 입으시면 좀 달라붙는데 완전히 헐렁한 거 찾으세요?,헐렁한 거는 아니더라도 덜 달라붙는 거
29256,네 감사합니다. 네 현재 차주분이십니까?,아닙니다.
29294,네  찾으시는 선생님 계시나요?,아니요 처음 왔어요
29316,너무 오래 걸리는데 혹시 방문 포장 가능하나요?,아뇨 배달 주문만 합니다
29319,너무 사이즈가 적어서 에이포 용지 크기 있나요?,여행용 아니면은 백팩은 심플한 건 힘들 것 같아요
29358,내한테 마음에 드는 브라운 색깔이 아닌데?,이게 밝은 살색도 아니고 밝은 색하고 중간이에요
29361,내피가 두껍게 있네요?,아니요 봄 신상이라서 내피가 얇은 편입니다
29452,남향인가요?,아뇨 정확히는 동남향입니다
29463,남학생하고 여학생 방이 같은가요?,아니요 여학생 남학생 방이 따로 있어요
29631,낙지는 생낙지에요?,아닙니다
29632,낙지 한 마리 순두부는 2인분 시켜야 돼요?,아니요 뚝배기에 나와서 하나씩 시켜도 돼요
29638,나중에 한 10인분 정도 주문을 하면 디씨해주는 거 있어요?,아니오
29698,나물 종류는 국산이죠?,거의 다 국산이고 소고기는 국산이 아닙니다
29704,나는 감자를 잘 안 먹는데요?,아니면 따로 구매도 가능하세요
29764,깐풍육은 닭고기로 하나요?,아니요 돼지고기입니다
29791,김치는 담그시는거예요?,아니요 가지고 오는 거죠
29825,김밥 사이즈가 좀 굵은 편인가요?,아니오 딱 보통이에요
29840,김 원장님 계신가요?,아니요 오늘은 일이 있으셔서 출근 안 하셨어요
29870,기프티콘도 세트메뉴에 사용 가능한가요?,아니오 세트 메뉴에는 기프티콘 사용이 불가능합니다
29936,기본 2샷인가요?,아니오 1샷이요
30024,금액대 낮은 걸로 보여드릴까요?,아뇨 그냥 다양하게 보여주세요
30087,근처 약국 또 없나요?,"아니요, 반대편에 있습니다."
30128,근데 이십일 버라고 하셨죠 죄송합니다. 아 네 스포티지 차량 확인됐습니다. 선생님께서 차량 소유주분 되세요.,아니요 엄마 엄마이름으로 돼 있는데 엄마 짐 옆에 타고 있어요.
30144,근데 예를 들어요 내가 이걸 하다가 질려서 판다 그럼 팔 수는 있어요?,아니요 그런데 소장의 가치는 있어요 다시 도금이 가능하니까요
30154,근데 신분증하고가 있어야 된다고요 본인꺼,아닙니다 발급하시는 분 신분증이고 이제 발급하고자하는 차량의 차량번호와 차주성함만 아시면 됩니다
30170,그카면 구청에서도 그기 그거 뭐고 이전이 돼요,어 구청에서 그 이전은 되지 않구요 그 그 차량등록하실 때는 사업소로 방문하시던지 아니면은 그 민원이십사라는 그 포털사이트가 있거든요 그쪽 사이트에서 이용 가능하시구요 구청에서는 이전하지 않아요
30174,그전에 배웠었나요?,아뇨
30186,그면 당일에 예약해야 돼요?,아니요 그 전날 얘기해야 돼요
30210,그리고 차는 선생님 그 날 가지고 오실 겁니까?,아뇨 아뇨
30244,그리고 디저트도 제공되나요?,아니요 저희 디저트는 따로 없어요
30257,그리고  이전 하실 차량 압류나 지방세 체납 있나요,아니요 없어요.
30265,그룹별 수업인가요?,아뇨 개개인이 시간에 맞춰와서 공부를 하는 거에요
30284,그렇다면 여기 있는 상품 모두가 70프로 세일 중이라는 말씀이신가요?,아니요 각 제품별로 차이가 있습니다
30294,그렇게만 있나요? 세트메뉴도 있나요 따로?,아뇨 저희는 세트메뉴 없어요 따로
30302,그렇게 하면 맛은 없나요?,아뇨 반반이라 원래 맛하고 똑같아요
30331,그럼 혹시 주차할 수 있는 공간은 있을까요?,아니요 주차 공간은 없습니다
30362,그럼 팥빙수도 불가능한가요?,아니요 팥빙수 주문 가능하세요
30418,그럼 차량번호하고 혹시 또 알아야 될게 또 있나요 주민등록번호라든가,아니요 차량번호만 선생님 구비서류만 확인하실거면 차량 번호만 확인하시고 연락주시면 방문하시는 분에 따라서 저희가 서류 확인 되어 드릴 수 있습니다.
30565,그럼 웨이브 파마로 해주시고 염색도 같이 가능한가요?,아니요 염색은 파마 후 이주 정도 뒤에 하시는 게 좋으실 것 같습니다
30621,그럼 어제 고기 드셨나요?,아니요 고기도 안 먹었어요
30655,그럼 신고 오신 신발은 쇼핑백에 넣어드릴까요?,아뇨 버려주시겠어요
30723,그럼 배달료 따로 받던데 받나요?,아뇨 똑같이 해요
30763,그럼 마음에 드는 게 있으면 주문해도 돼요?,아니에요 물건이 들어올 때만 있어요
30820,그럼 나가서 필 때 시간은 그냥 계속 가나요?,잠깐이면 그냥 두셔도 되고 아니면 일시정지하시면 시간이 멈춥니다
30963,그런데 세금 같은 혜택을 받으셨습니까? 기존 차량으루요,아니요
30984,그러시면 제가 전화번호를 안내해 드릴께요 정확한 금액은 담당자통해서 확인 부탁드리구요 차주분이 예 직접 오실 계획이십니까,아니요 아니요 다른
31059,그러면 현대카드도 할인돼요?,고객님 할인이 아니라 포인트 차감됩니다
31156,그러면 자동차등록증 그리고 지금 번호판 앞뒤판 다 바꾸실거예요,아니요 앞에만요 페인트가 묻어갓고
31159,그러면 일단은 계기판에 주행 그 계량기 검침에 숫자 확인하셨습니까?,아니요 그런 건 확인 하나도 안했는데
31270,그러면 샐러드는 한 가지 있나요?,아뇨 갈릭 드레싱 샐러드와 오리엔탈 드레싱 샐러드 두 가지 있어요
31282,그러면 불고기 피자에는 토핑을 더 추가할 수 있나요?,아니요
31287,그러면 배우자하고는 신분증 인감에는 제 이름이 드가야 되나요,아니요 배우자님은 그냥 인감증명서입니다.
31290,그러면 배달비는 따로 드려야 돼요?,아니요 그런 거 없어요
31361,그러면 꼭대기네요?,"아니요, 그 위로 더 있고 아니면 근처에 월성 #주소#가 이억 칠천만 원이고요"
31415,그러면 40평 후반대는 있어요?,아니요 강변 쪽으로는 45평이랑 47평 매물이 없습니다
31507,그라믄 거기가 저 어딘데예 북부예,우선은 번호판 업무 가능한 사업소가 지금 만촌동 쪽에 차량등록사업소 있고요 아니시면은 성서이복동 쪽에 서구 본사에도 업무가능하고요
31543,그냥 차에 들어가는 휘발유?,휘발유가 아닙니다
31550,그냥 일회용기에 담아주시면 안돼요?,저희가 원래는 안되거든요 정해진 용기가 아니라서요
31577,그냥 마스크는?,꼭 황사 아니더라도 기본 마스크 써도 됩니다
31608,그게 여권용 사진이 반명함판을 말하는 건가요,아니요 그냥 여권용 사진이라고 따로 있습니다
31704,그거 두 개뿐이에요?,아니요 다른 거도 있어요
31715,그 판매하시는 분 말씀하시는 거예요,아뇨 아뇨 그 상사 쪽으로 매입을 하는데
31729,그 차량등록 관련해서요 그 제가 이제 어른이 예 장애인이고 면세 해당이 되셔서 장애인 차를 타시거든예 그럼 이제 저희가 이제 등록을 할때 공동명의로 예 할려고 하는데 이제 제가 어른하고 같 등본상에 같이 돼있지는 않거든예 그래도 머 공동명의로 하는데는 문제가 없는가예,그런 경우는 본인세대가 아니면 등록자체가 불가합니다
31732,그 차량 이전된지 확인 좀 할려고 그러는데요,저희가 인제 저희같은 경우에는 그 차 번호랑 소유자 성함이랑 주행번호로 조회를 하는데 제가 선생님 차량조회 성함조회를 해 보니까 불일치가 뜨거든요 그 말은 인제 더 이상 선생님 차량 소유자가 아니라는 뜻입니다.
31752,그 죄송한데 혹시 발급 기간 있잖아요 발급 나오는 기간이요 그게 시청이 더 빠르지 않나요,아닙니다. 선생님 저희는 외교부업무를 사무대행하고 있기 때문에 시청과 구청 동일한 시간이 걸립니다.
31924,그 구비서류는 두 분 같이 방문하시는 겁니까?,아뇨 저 제가 저만 방문할거에
31965,귀걸이와 함께 구매 시 할인 혜택은 있나요?,아니오 다만 보관 케이스를 행사로 드리고 있습니다
31979,귀걸이 착용해볼 수 있어요?,아니오 구매 전 착용은 안 되십니다
31980,귀걸이 착용해볼 수 있나요?,아니오 귀에 대보는 것만 가능하세요
31988,귀걸이 세일하나요?,아니요 귀걸이 세일 안 해요
31996,귀 안 뚫고 할 수 있는 이렇게 무는 건 없어요?,있는데 루비 칼라는 아니에요
31998,권리금이 있는 쪽이 좋으신가요?,아뇨 권리금은 없는 쪽이 좋아요
32004,권리금은 있나요?,아뇨 없습니다
32085,국가유공자로 감면받으시는 부분이 있으십니까?,아니요 없어요.
32090,국가유공자 감면 받으시는 건 아니신가요,아니요 그런 건 없는데요
32095,구청이라도 돼고 시청에 가도 되는데 그 시청가는 게 제일 빠르겠네요 ,아니요 아닙니다. 발급 기한은 동일하구요 가까운 곳이 있으시다면 방문하시면 됩니다
32097,구청은 발급시간은 시청과 틀리다 아닙니까?,아니요 동일합니다.
32173,교직원 공제 회원이세요?,교직원 공제 회원 아니에요
32182,교재를 한 번 보여드릴까요?,아뇨 괜찮아요
32184,교재는 출판사에서 나오는 교재를 쓰나요?,아니오 초등부 같은 경우는 한솔수학 씁니다
32229,광어회도 있나요?,아니요 재료가 다 떨어졌어요
32241,관절염에 쓰는 글루코사민하고 콘드로이친 복합된 영양제 있어요?,아뇨 그 영양제 없습니다
32269,관리비 포함인가요?,아뇨 관리비는 따로 있습니다. 
32318,과일주스는 생과일인가요?,아니요 냉동이에요
32321,과식하셨나요?,아니요 적당히 먹었어요
32355,공차 적립하시나요?,아니요 적립 안해요
32364,공용에 차 대면 여기서 쿠폰을 주시는 거예요?,아니요 무료입니다
32382,공동명의로 하시는데 양도인 양수인 두분 다 못오시는 건가요,아니오 양수인은 가야 하고요 양도인이 못가는 거죠
32383,공동명의로 하기로 원하신다고 하셨는데 두 분 중에 장애 혜택 받고 계신분 있으신가요?,아 없어요.
32405,곱슬머리세요?,아니요 직모입니다
32473,고무줄 같은거는 없어요?,아니요 그런 거는 없어요
32475,고맙습니다. 혹시 대표자님께서 직접 오시진 않으시지요,아니요 위임장 있어야 돼요
32486,고래가지고 네 면제받으면 일년타야 일년타고 팔아야 환급안하죠,아니요 그 저공해 차량에 대해서는 상관없어요
32491,고등학생이 신어도 돼요?,고등학생이 좋아하는 스타일은 아니에요
32509,고등학교 수준으로 하는 건 없나요?,고등학생 레벨로 하는 건 아니에요
32520,고깃집을 하고 싶은데 주위에 많이 있나요?,"아니요, 한 군데 정도 있습니다."
32566,고객님이 입으실 건가요?,아니요
32569,고객님은 단 거 좋아하시나요?,아니요
32620,계좌 이체로는 계산 가능한가요?,아니요 계좌이체로도 계산은 안 됩니다
32690,계산은 혹시 카드도 가능한가요?,아니요 카드는 안 됩니다
32702,계산은 카드로도 가능한가요?,아니요 카드는 다른 당구장도 안될 거에요
32709,계산은 카드로도 가능 한가요?,아니요 카드는 따로 안 되시고 현금이랑 계좌이체만 가능합니다
32730,계산은 선불인가요?,아니요 후불입니다
32731,계산은 선불로 하시겠습니까,아니요 게임 끝나고 한 번에 할게요
32763,계란말이에 독특한 맛이 나는데 그게 일본식이에요?,계란말이는 저희가 하는 게 아니고 들어오는 제품인데 제가 먹기에 좀 달긴 하더라구요
32797,결제해드릴까요?,아니요 조금만 더 둘러보고 올게요
32912,겨울에 신기에는 이 신발이 낫고 봄 되면은 이 앞 트인 신발이 낫네,"아니요, 우리 신발은 사계절 신기 다 좋아요"
32927,겨울 거는 세일하시는 거 있으세요?,아니요 겨울 거는 반품했어요
32992,검은 로퍼요?,아뇨 그 옆에 흰 슬리퍼요
33025,거실에 있는 커튼인가요?,아니요 안방 커튼이요
33147,갱년기 약 먹으면 부작용이 있다거나 그렇진 않아요?,약국에서 쓰는 갱년기 제품들은 호르몬제는 아니고 다 생약으로 만든 거기 때문에 안전해요
33189,개인간 중고차를 이렇게 주고 받는 상황이신 거예요 선생님,아뇨 애기아빠하고 저하고 공동명의로 되어 있는데요 여러 가지로 그 공동명의가 불편하더라고요 그래서 제 앞으로 바꿀려구요
33193,개인 큐대 사용 가능한가요?,아니요
33200,개인 대 개인간 거래고 일반 승용차고 번호판 색깔은 흰색입니까?,아니요 검은색입니다.
33208,개별로?,"아니요, 천장에 달려 있어요"
33227,같은 층으로 해서 방 2개 있을까요?,바로 옆방만 아니면 드릴 수 있어요
33281,감사합니다. 뭐 공동명의 하시는 부분은 아니시죠,아뇨 아뇨 아뇨 공동명의로 안 합니다.
33317,간제비는 뭐죠? 가자미에요?,가자미가 아니고 간제비라는 게 있어요
33327,간식은 나오나요?,아뇨 따로 없어요
33380,가죽이면 가격이 비싸겠네?,아니요 수입인데 10만 원에 싸게 팔아요
33427,가져 오시면 일단은 그 그리고 이제 본인께서 오시는 거 맞으시죠,아니요 상사에서 대행해 갑니다.
33470,가방이 너무 예쁜 게 있어갖고 마감하셨어예?,아니요 손님이 없을 거 같아서 정리하고 있었어요
33475,가방은 이게 다라예?,아뇨 이 앞에 다 있어요
33486,가방도 수선이 가능한가요?,아니요 저희는 가죽용 미싱이 없어서 가방수선집에 가야 돼요
33598,가격이 내린겁니까?,아니요 가격이 내린 것은 아닙니다
33731,가격대는 적혀있는 게 다예요 가격대는 두 가지 종류?,아니 이게 햄버거만이고 이게 세트메뉴입니다
33756,가격 차이는 많이 나나요?,아니요 둘 다 비슷한 가격대입니다
33769,가게가 10년이나 됐어요?,아뇨 저희는 2015년도에 개업했습니다
33785,가게 가면 보통 사오만 원 대에요?,아뇨 이십만 원대도 있어요
33800,skt할인 되고 쿠폰해드릴까요?,아니요 괜찮습니다
33806,PDF 뷰어가 필요한데 컴퓨터에 설치되어있나요?,아니요 필요하시면 체험판을 설치해드릴게요
33838,FPS 전용좌석이 별도로 조성되어있나요?,아니오 별도로 지정되어있지 않습니다
33868,A감기약이 종합 감기약이에요?,A감기약이 종합은 아니고 기침 감기 전용 제품이에요
33943,66도 있어요?,아뇨 그건 재고가 없어요
33992,5개 문제집을 다 같이 나가나요?,아뇨 한 권 끝나고 다음 거 하고요
34092,47평대에 베란다가 기역자로 되어있는 구조도 있어요?,아니요 그런 구조는 58평입니다
34123,3월 30일 맞으신가요?,아니요 3월 23일이요
34159,3구 치려고 하는데 대 다이 있어요?,아니요 3구는 되지만 대 다이는 없습니다
34275,290사이즈 나오나요?,"아니요, 280까지 나옵니다."
34294,24시 체인인가요?,일반 국수 체인점이 아니고 어탕국수
34295,245 있나요?,아니요 십 단위로 있습니다
34317,225가 맞네요 좀 큰거 신어야 돼요?,아니요 제가 볼 때는 사이즈는 이거 하시는 게 나을 거 같은데요
34318,220 사이즈 있나요?,아니요 현재는 없습니다. 
34519,////// 당사자 //// 당사자 당사자 둘중에 한명은 꼭 가야 되나요,아 아닙니다. 제 삼자가 오셔도 상관은 없는데 서류가 이제 좀 달라지는 부분이 있어서요
34550,#주소#요?,"아뇨, #주소#"
34576,#주소#는 전세 전혀 없죠?,그건 우리쪽에 이야기하실 게 아니라 아파트 앞에 가서 이야기하셔야해요
34591,#주소#나 #주소# 쪽으로는 없어요?,#주소#은 작은 평수밖에 없고 아니면 사십구 평 밖에 없어요
34683,#주소# 강 쪽으로 40평 초반대 있어요?,아니요 강 쪽으로 40평 초반대는 없습니다
34711, 혹시 차량번호를 말씀을 해 주시면은 제가 그 차량에 대해서 과표금액 기준으로 이전비를 확인을 해 드릴 수가 있는데요 혹시 차량번호 확인가능할까요,아뇨 차량번호를 지금 모르는데요
34712, 혹시 그 공동명의 하시려는 이유가 장애인 감면 받으시려고 하시는건가요,아니요 그런 건 없는데요
34734,   그리고 혹시 양도인 분 인감 도장을 받아 오셨습니까?,아니요
