,question,answer,label
0,kendinizi insanlara ifade ederken zorluk Ã§ekiyor musunuz?,hayÄ±r kendimi ifade yeteneÄŸim hem sÃ¶zel hem yazÄ±lÄ± olarak oldukÃ§a net ve anlaÅŸÄ±lÄ±r. ama benim anlattÄ±klarÄ±m bir yerde karÅŸÄ±mdakinin anladÄ±ÄŸÄ± kadarğŸ˜,no
2,mavic mini wi-fi ile kontrolÃ¼ destekliyor mu?,hayÄ±r. mavic miniâ€™yi uzaktan kumanda ile kontrol edebilirsiniz.,no
3,30 tl altÄ± makyaj Ã¼rÃ¼nleriyle kusursuz gÃ¶rÃ¼nmek mÃ¼mkÃ¼n mÃ¼?,"hayÄ±r mÃ¼mkÃ¼n deÄŸildir katiyyen. asla ucuz Ã¼rÃ¼nler almayÄ±n. cildinizi seviyorsanÄ±z eÄŸer. ucuz Ã¼rÃ¼nler ciltte sivilcelere, siyah noktalara, kÄ±rÄ±ÅŸÄ±klÄ±klara vs sebep olur. bu yÃ¼zden almayÄ±n.en kalitelisini almak her zaman Ã¶nemlidir. bu yÃ¼zden kozmetik konusunda paraya kÄ±yÄ±n kadÄ±nlar. ama cildinize kÄ±ymayÄ±n.ğŸ˜‡#Ğ»ĞµĞ½Ğ°",no
4,ultrasyonile muayenede masturbasyon yapÄ±ldÄ±ÄŸÄ± anlaÅŸÄ±lÄ±r mi,"hayÄ±r canÄ±m anlaÅŸÄ±lmaz, iyi gÃ¼nler dilerim.",no
6,uzaktan kumanda diÅŸi usb-a portu destekliyor mu?,hayÄ±r. micro usb otg kablosu gerekmektedir. online maÄŸazamÄ±z aracÄ±lÄ±ÄŸÄ±yla bu kabloyu satÄ±n alabilirsiniz.,no
7,iÌ‡Ã§inizden geleni olduÄŸu gibi sÃ¶yler misiniz?,"hayÄ±r, dÃ¼ÅŸÃ¼nÃ¼rÃ¼m sÃ¶ylemeden Ã¶nce. karÅŸÄ±mdaki yanlÄ±ÅŸ anlarsa da buna raÄŸmen Ã¶zrÃ¼mÃ¼ dilerim. yeter ki deÄŸer verdiÄŸim biri olsun karÅŸÄ±mdaki.",no
15,sanalda tanÄ±ÅŸtÄ±ÄŸÄ±nÄ±z birisi size uzak bir ÅŸehirde Ã§Ä±karsa sevgili olmaktan vazgeÃ§er misiniz ğŸ¤”?,hayÄ±r yani ÅŸÃ¶yle mesafeler elbet bir gÃ¼n aÅŸÄ±lÄ±r ben buna inanÄ±orum ister 10 yÄ±l olsun ister 1 gÃ¼n seven ne olursa olsun Ã§Ä±kÄ±p gelir tabiki herkes somut bir ÅŸey arar sarÄ±lmak ister gezmek ister vs ama illa uzak diye asla sevdiÄŸim insandan adamdan vazgeÃ§mem,no
22, Sosyal medya da geri takip yapmayanlarÄ± takip etmeye devam eder misiniz?, TanÄ±dÄ±ÄŸÄ±m ve Ã¼nlÃ¼ olmayan biriyse hayÄ±r. ,no
23,iÌ‡ÄŸne olmaktan korkar mÄ±sÄ±nÄ±z?,hayÄ±r korkmuyorum sen?,no
26,bu araba sadece bir ressama ait olabilir mi?,hayÄ±r. ben de bÃ¶yle kaplamalar seviyorum ama ressam deÄŸilim. bunun gibi kaplamalar hoÅŸuma gidiyor. hoÅŸ duruyor. desenli oluyor genelde bÃ¶yleleri. her tÃ¼rlÃ¼ kaplamalar mevcut artÄ±k.,no
28,yalancÄ± insanlarÄ± hemen anlar mÄ±sÄ±nÄ±z yÃ¼zÃ¼nden?,yoo bazÄ±sÄ± gerÃ§ekten zor anlaÅŸÄ±lÄ±yor iyi oyuncu oluyorlar.,no
33,seboreik dermatit kaÅŸ dÃ¶ker mi ?,hayÄ±r kaÅŸ dÃ¶kÃ¼lmesi yapmaz.,no
43,bir kulunu Ã§ok sevdim ama diÄŸerlerinde Ã§ok yakÄ±ÅŸÄ±klÄ±/gÃ¼zel gÃ¶zÃ¼m kaldÄ± diyenler burda mi?,yoo ben onda kaldÄ±m baÅŸka istemem.diÄŸerlerine bakÄ±yorsan sevmiyorsundur onu.,no
45,gerektiÄŸinde hayÄ±r diyebiliyor musunuz?,"aslÄ±nda kÄ±rmadan da hayÄ±r diyebilenlerdenim. daha Ã§ok zorda kaldÄ±ÄŸÄ±mda hemen hayÄ±r demek yerine ""bakarÄ±z"" diyorum :)",no
47,baÄŸlanmak korkutur mu sizi?,yoo zamanÄ± geldiÄŸinde baÄŸlanÄ±rÄ±m ğŸ˜‚,no
49,hamile miyim,hayÄ±r.,no
51,Ä°nternetten alÄ±nan oem key volume Ã§Ä±karsa verilerimize eriÅŸebilirler mi?,"hayÄ±r. ama oem key diye volume key sattÄ±larsa satÄ±cÄ±ya yazmanÄ±, deÄŸiÅŸim kabul etmiyorsa tÃ¼ketici hakem heyetiâ€™ne baÅŸvurmanÄ± Ã¶neririm.",no
52,bir erkek seks yaptÄ±ÄŸÄ± bir kadÄ±nla ileride evlilik dÃ¼ÅŸÃ¼nÃ¼r mÃ¼?,"hayÄ±r dÃ¼ÅŸÃ¼nmez, erkek/kadÄ±n cinsellik yaÅŸadÄ±ÄŸÄ± kiÅŸi iÃ§in benden Ã¶nce benden sonra sendromu yaÅŸar ve bu evlilik ve gelecekte yuva dÃ¼ÅŸÃ¼ncesine engeldir.",no
61,evliliÄŸim normalmi bÃ¼tÃ¼n erkekler mi bÃ¶yle?,"hayÄ±r bÃ¼tÃ¼n erkekler Ã¶yle deÄŸil, ama o â€œsenin gÃ¶revinâ€ de deÄŸil zaten. sen senin gÃ¶revin senin iÅŸin olarak bakarsan o da iÅŸverenin gibi davranÄ±r Ã¶yle. o ev sizin eviniz, herkesin sorumluluklarÄ± var. anlayÄ±ÅŸlÄ± olmak lazÄ±m, o ÅŸekilde azarlamalar hoÅŸ deÄŸil",no
62,aÅŸk iÃ§in bedel Ã¶demekten korkar mÄ±sÄ±n?,"hayÄ±r hiÃ§bir ÅŸekilde korkmam ve zarar gÃ¶receÄŸimi bilsem de yine seve seve peÅŸinden giderim. bir ÅŸeyi istiyorsam vazgeÃ§mem, sonunu mutlaka gÃ¶rmek isterim. bu yÃ¼zden bedel Ã¶demekten korkmam. aÅŸkÄ±n kÃ¶tÃ¼ yanlarÄ± da Ã¶zeldir ve yaÅŸamaya deÄŸerdir. benim dÃ¼ÅŸÃ¼ncem bu yÃ¶nde.",no
63,Ã¶n ve arka kÄ±sÄ±mda bulunan engel algÄ±lama sistemleri arasÄ±nda bir fark var mÄ±?,hayÄ±r.,no
64,adet kanamasÄ± mÄ± yoksa yerleÅŸme kanamasÄ± mÄ± ?,"hayÄ±r, gerek yok, hamile deÄŸil.",no
68,disarida sevgiliyle sarÄ±lmak ayÄ±p mi?,hayÄ±r neden ayÄ±p olsun. sevmek ayÄ±p mÄ± sarÄ±lmak Ã§ok gÃ¼zel birÅŸey keÅŸke benimde sarÄ±calagim biri olsağŸ˜ mutluluklar dilerim buna arada size birde nasÄ±l tanÄ±ÅŸtÄ±nÄ±z?,no
73,Ã¼nlÃ¼ sanatÃ§Ä± toygun ateÅŸ koronavirÃ¼s nedeniyle hayatÄ±nÄ± kaybetti. haberiniz oldu mu?,hayÄ±r allah rahmet eylesinğŸ˜”,no
74,gelecekten umut var mÄ±?,"hayÄ±r, olan olaylar, yaÅŸanÄ±lan cinayetler, Ã¼lkenin hat safhada olan adaletsizliÄŸi, haksÄ±zlÄ±klar, yolsuzluklar, gizli kapaklÄ± bir ton iÅŸ, milleti salak yerine koymaya Ã§alÄ±ÅŸmalar ve amaÃ§larÄ±na adÄ±m adÄ±m yaklaÅŸmalarÄ±na izin veren insanlarbÄ±rak geleceÄŸi yarÄ±nÄ±mÄ±zÄ±n ne olacaÄŸÄ±ndan habersiz yaÅŸÄ±yoruz",no
78,"game pass Ã¼zerindeki ea oyunlarÄ±nÄ±n ""xbox baÅŸarÄ±mlarÄ±"" desteÄŸi var mÄ±?","hayÄ±r, ea desktop diye bir uygulamadan oynuyorsunuz xbox ile hiÃ§ ilgisi yok. xbox uygulamasÄ±nÄ±n yÃ¼klÃ¼ olmasÄ± bile gerekmiyor oynamak iÃ§in.",no
80,kÃ¼fÃ¼r etmeyi sever misiniz?,hayÄ±r 4mk ne kÃ¼fÃ¼rÃ¼?,no
82,sizde evde ara sÄ±ra Ã§Ä±lgÄ±nca dans ediyor musunuz ğŸ’ƒğŸ» ?,gÃ¼nayd hayÄ±r aÅŸkÄ±m kafam atÄ±nca dans etmem mutluysam ederimğŸ˜˜,no
84,uzaktan kumanda hdmi destekliyor mu?,hayÄ±r.,no
89,mavic 2 uzaktan kumandasÄ±nÄ± mavic air 2 iÃ§in de kullanabilir miyim?,hayÄ±r. mavic air 2 sadece mavic air 2 uzaktan kumandasÄ± ile kullanÄ±labilmektedir.,no
90,diÅŸ bakÄ±mÄ±nda aÄŸÄ±z bakÄ±m suyundan sonra Ã§eÃ§me suyunu kullanÄ±yor muyuz?,"iÌ‡yi gÃ¼nler,hayÄ±r kullanmÄ±yoruz. aÄŸzÄ± gargara ile 30sn Ã§alkalamak yeterli sonra 1 saat hiÃ§bir sÄ±vÄ± almadan bekliyoruz. suyla Ã§alkalamak gargaranÄ±n aÄŸÄ±zdan uzaklaÅŸmasÄ±na sebep olur.",no
91,sevdiÄŸinizi unutmak iÃ§in baÅŸka biri ile evlenir misiniz?,hayÄ±r yapmam bÃ¶yle bir ÅŸey,no
92,kadÄ±nlar da arabalar ile ilgilenmeyi sever mi?,hayÄ±r ama lux araba aÅŸÄ±ÄŸÄ±yÄ±m,no
95,geceleri Ã§Ä±plak uyur musunuz?,hayÄ±r gayet de rahat bir ÅŸekilde pijamalarÄ±mla uyuyorum bÃ¶yle ÅŸirin mi ÅŸirin rahat mÄ± rahat. Ã§Ä±plak uyumak hiÃ§ sevmediÄŸim tasvip etmediÄŸim bir ÅŸey depremi var yangÄ±nÄ± var hÄ±rsÄ±zÄ± var mantÄ±klÄ± davranmak lazÄ±m.,no
101,ddr3 ram ile beraber ddr2 Ã§alÄ±ÅŸÄ±r mÄ±?,"hayÄ±r. aynÄ± anda ddr2 ve ddr3 Ã§alÄ±ÅŸmaz. bunu kullanma kÄ±lavuzundan da okuyabilirsiniz:note: mixed mode, populating ddr2 and ddr3 memory modules simultaneously is not supported.",no
104,Ã¶ncesi aldatmaya girer mi?,hayÄ±r elbette de evleneceÄŸin adam bskire olmadÄ±ÄŸÄ±nÄ± Ã¶ÄŸrenince film kopar,no
105,hiÃ§ zehirli mantar yediÄŸiniz oldu mu?,hayÄ±r hiÃ§ mantardan zehirlenmedim. ayrÄ±ca ilk resimdeki mantarÄ±n halÃ¼sinojen etkisi var :d (amanita muscaria adÄ±),no
116,Geyik eti hic yediniz mi?,hayÄ±r hayatÄ±mda hiÃ§ geyik eti yemedimÂ yaa ben hayvanlarÄ±n etlerinin yenmesini hoÅŸÂ ve gÃ¼zel bulmuyorumÂ ,no
118,hikayemde yarÄ±m kaldÄ± dediÄŸin ÅŸeyler var mÄ±?,hayÄ±r hikaye baÅŸlar biter. tamamlanmÄ±yorsa demek ki hikayenin sonuna gelmiÅŸ olduÄŸumu dÃ¼ÅŸÃ¼ndÃ¼m. yarÄ±m kalan hikayem olmadÄ±.,no
122,yÃ¼zÃ¼nÃ¼zde gÃ¼lleri Ã§iÃ§ekleri aÃ§tÄ±ran gÃ¼naydÄ±n mesajÄ±nÄ±zÄ± aldÄ±nÄ±z mÄ±?,gÃ¼neÅŸi gÃ¶relim alÄ±rÄ±z elbet sabah ola hayÄ±r olağŸ˜Šben Ã§ok gÃ¼l aldÄ±m ama onu sÃ¶yleyimde en azÄ±ndan bu konuda ÅŸanslÄ±yÄ±mğŸ˜Š,no
127,bulaÅŸÄ±cÄ± virÃ¼s Ã¼lkelerin yaÅŸam kÃ¼ltÃ¼rÃ¼nÃ¼ kalÄ±cÄ± olarak deÄŸiÅŸtirebilir mi?,"hayÄ±r. hepimizin hafÄ±za kaybÄ± problemi var, her ÅŸeyi kolaylÄ±kla unutuyoruz. eskisi gibi devam ederiz..",no
132,vicdan azabÄ± Ã§eken var mÄ±?,"hayÄ±r, ben yaptÄ±ÄŸÄ±m hiÃ§ bir ÅŸeyden piÅŸman deÄŸilim, sadece bazen daha fazla insana yardÄ±m edebilme dÃ¼ÅŸÃ¼ncesi aklÄ±ma geliyor ve keÅŸke daha fazla yardÄ±m edebilsem diyorum.",no
134,google readerâ€™da tema deÄŸiÅŸtirmenin bir yolu var mÄ±?,"<p>hayÄ±r, dÃ¼zeni yalnÄ±zca kullanÄ±cÄ± komut dosyalarÄ± veya reader play yoluyla deÄŸiÅŸtirmek mÃ¼mkÃ¼n deÄŸildir.</p><p>benim iÃ§in en umut verici olanÄ± <a href=""URL </p>",no
137,spoiler aldÄ±ÄŸÄ±nÄ±z dizi ya da filmi izlemeyi bÄ±rakÄ±r mÄ±sÄ±nÄ±z?,"hayÄ±r, bÄ±rakmam. eÄŸer film kaliteliyse zaten sonu genelde ters kÃ¶ÅŸeli bitiyor. sonunda birisinin Ã¶lÃ¼ceÄŸini sÃ¶yleseler bana acaba nasÄ±l Ã¶lÃ¼cek o duruma nasÄ±l getirecekler diye daha Ã§ok meraklÄ± ve dikkatli bir ÅŸekilde izliyorum.",no
140,umca solÃ¼syon kullanmanÄ±n Ã§ocuÄŸa zararÄ± olur mu,hayir olmaz.sardunya kÃ¶kÃ¼nden elde ediÌ‡len biÌ‡tkiÌ‡sel biÌ‡r iÌ‡laÃ§.,no
151,devlet kurtaj yapiyor mu?,hayÄ±r kaÃ§ak iliÅŸkimi var devlet yasak etti herhangi bir saÄŸlÄ±k sorunu yoksa genelde merdiven altÄ± ve gizliden Ã¶zeller yapÄ±yor,no
152,gebelikte diÅŸ iÃ§in lokal anestezi yaplÄ±r mÄ±,hyr,no
158,mimik hareketi her kÄ±za yakÄ±ÅŸÄ±r mÄ±?,hayÄ±r. kiminin suratÄ±na kÃ¼rekle vurma isteÄŸi ortaya Ã§Ä±kartÄ±yor,no
161,mavic miniâ€™nin su geÃ§irmezlik Ã¶zelliÄŸi var mÄ±?,hayÄ±r.,no
163,sanal sevgilim dÄ±ÅŸÄ±nda baÅŸka insanlarla da yazÄ±ÅŸÄ±yorum aldatÄ±yor muyum?,hayir aldatmiyorsun cunku ciddi bir sey yok ortada.eger gorusseydiniz sevgili olsaydiniz evet konusmamak lazim.ama soyle bir durum da var karsidaki kisi acaba seni nasil algiliyor cok deger veriyor mu sadece seninle mi konusuyor cevabi evetse ona biraz ayip olurğŸ˜…,no
169,mavic 2 wi-fiÌ‡ ile kontrolÃ¼ destekliyor mu?,hayÄ±r. sadece uzaktan kumanda ile kontrol edilebilmektedir.,no
173, Erkekler sÄ±kÄ±ÅŸtÄ±ÄŸÄ±nda da ereksiyon olurlar mÄ±?," hayÄ±r sÄ±kÄ±ÅŸtÄ±ÄŸÄ±mÄ±zda olmayÄ±z, diyelim ki sÄ±kÄ±ÅŸtÄ±ÄŸÄ±mÄ±zda ereksiyon olduk ve iÅŸemeye gittik, inene kadar iÅŸeyemeyiz, ereksiyon halinde iÅŸemek zordur bizler iÃ§in.  hiÃ§ iÅŸeyemeyiz diye bir durum da yok, iÅŸeriz ama sertliÄŸin sona ermesini beklemek daha iyi olur. ",no
176,exxen Ã¼ye olmayÄ± dÃ¼ÅŸÃ¼nÃ¼yor musunuz?,hayÄ±r. tutacaÄŸÄ±nÄ± da pek dÃ¼ÅŸÃ¼nmÃ¼yorum,no
178,aldatÄ±lma affedilebilir mi?,hayÄ±r daha Ã¶nce affetmedim kimseninde baÅŸÄ±na gelmesini istemem mutluluÄŸu bende aramayan birini asla affetmem mutluluÄŸu bende arÄ±yosa Ã§Ä±ksÄ±n tepeme Ã¶mÃ¼r boyu seve seve taÅŸÄ±rÄ±m,no
183,Duolingo okulu nedir ? Sizin grupunuz var mÄ± ?,hayir. orada sadecec odev vermek ve Ã¶ÄŸrencilerin ilerlemesini izlemek vs mÃ¼mkÃ¼n,no
186,mavic mini kamerasÄ±nÄ±n zoom Ã¶zelliÄŸi var mÄ±?,hayÄ±r.,no
187,"parasÄ± olan erkekler, kadÄ±nlara Ã§ok mu yakÄ±ÅŸÄ±klÄ± gÃ¶rÃ¼nÃ¼yor?",hayÄ±r Ã§irkin her zman Ã§irkindir.. hem yakÄ±ÅŸÄ±klÄ± hem parasÄ± olmalÄ± ÅŸaka ÅŸaka,no
194,eldeki siÄŸiller tehlikeli mi?,"hayÄ±r, farklÄ±dÄ±r. bir cilt hastalÄ±klarÄ± uzmanÄ± ile gÃ¶rÃ¼ÅŸmeniz gerekir",no
199,Kan baÄŸÄ±ÅŸÄ± ya da ilik baÄŸÄ±ÅŸÄ± yapan var mÄ± ?,hayÄ±r yapmadim ama kan vermeyi dÃ¼ÅŸÃ¼nÃ¼yorm ilk fÄ±rsatta inÅŸ:),no
200,bugÃ¼ne kadar hiÃ§ Ã¼rÃ¼nÃ¼ iade edemeyip elinizde patladÄ±ÄŸÄ± oldu mu?,"hayÄ±r, genelde Ã§ok dikkatli seÃ§erim alacaÄŸÄ±m ÅŸeyi o yÃ¼zden iade etmek istemedim.",no
203,iyi gÃ¼nler doktor bey.ben size efexor xr ilacÄ± baÄŸÄ±ÅŸÄ±klÄ±k yapar mÄ±?bunu sor,"hayÄ±r, bu ilaÃ§ baÄŸimlilik yapmaz.",no
204,proscar peniste kÃ¼Ã§Ã¼lme yapar mÄ±,"hayÄ±r, kÃ¼Ã§Ã¼lme olmaz. 19 yaÅŸÄ±ndan Ã¶nce bu ilaÃ§ zaten kullanÄ±lmaz",no
205,diÅŸ teli kanal tedavili diÅŸi olumsuz etkiler mi?,"merhabalar, hayÄ±r kanal tedavisi yapÄ±lmÄ±ÅŸ ve Ã¼stÃ¼nede dolgusu yapÄ±lmÄ±ÅŸ olan diÅŸinizin tel tedavisi sÄ±rasÄ±nda herhangi bir problem yaÅŸamazsÄ±nÄ±z. herhangi bir travma sonucu kÄ±rÄ±lan diÅŸlerin normal diÅŸlerden tel tedavisi ile dÃ¼zelmesinde hiÃ§bir farklÄ±lÄ±k bulunmamaktadÄ±r. nedeni ise braket yapÄ±ÅŸtÄ±rÄ±cÄ±larÄ±n artÄ±k bu konuda Ã§ok geliÅŸmiÅŸ olmasÄ±ndandÄ±r.",no
207,son zamanlarda izlediÄŸiniz ve gerÃ§ekten korktuÄŸunuz bir film var mÄ±?,hayÄ±r aga yok,no
209, 1 ayda 8 kilo alÄ±nabilir mi?," Ã‡Ä± cÄ± hayÄ±r, 7 aydÄ±r 2 kilo bile alamÄ±yorum ben, olmuyor. YaÄŸ kÃ¼tlesiyle, kas kÃ¼tlesi zor dostum, kilo almak zordur, kiloyu vermek daha kolay. EÄŸer etkili bir kilo almak ne dersen hem spor yap, hemde saÄŸlam yemek ye ",no
210,masal gibi aÅŸklarÄ±n sonu hep fiyasko ile bitmek zorunda mÄ±?,"hayÄ±r deÄŸil, Ã¼lkemizde gÃ¼nÃ¼mÃ¼z medyasÄ±nÄ±n insanlara empoze ettiÄŸi â€œkÃ¶tÃ¼ sonla biten aÅŸkâ€ durumundan dolayÄ± millet kendi kendini tribe sokuyor",no
212,dji goggles ya da dji goggles reâ€™yi mavic air 2 ile kullanabilir miyim?,hayÄ±r.,no
214,"cilt maskelerinin kullanÄ±m kolaylÄ±ÄŸÄ± sizin iÃ§in Ã¶nemli midir yoksa, sonuÃ§ iÃ§in uygulamasÄ± zorlu maskeleri de yapar mÄ±sÄ±nÄ±z?",hayÄ±r kolaylÄ±ÄŸÄ± Ã¶nemli iki saat maske soymakla uÄŸraÅŸamam hem cildime yazÄ±k hem zamanÄ±ma,no
215,whatsapp durumlarÄ±mÄ± beni rehberine eklemeyenler gÃ¶rebilir mi?,hayÄ±r gÃ¶remez.Â ,no
216,[bugÃ¼ne kadar hiÃ§ hamama gittiniz mi?](/soru/152155/bugune-kadar-hic-hamama-gittiniz-mi),hayÄ±r bugÃ¼ne kadar hiÃ§ hamama gitmedim belki bir gÃ¼n giderim,no
219,kÄ±zlÄ±k zarÄ± patlar mi hamile kalÄ±nÄ±r mi,hayÄ±r,no
226,kÃ¶k hÃ¼cre tedavisi etkilenir mi,"hayÄ±r, etkilemez",no
229,fiber modemi adsl kullanabilir miyim?,hayÄ±r adsl hizmet alamazsÄ±nÄ±z bundan sadece router gÃ¶revi gÃ¶rÃ¼r bu cihaz.,no
230,arkadaÅŸlarÄ±nÄ±z cilt bakÄ±m Ã¼rÃ¼nlerinizi kullanmak istese izin verir misiniz?,hayÄ±r kiÅŸisel bakÄ±m eÅŸyamÄ± kimseye vermem gadasÄ±. en sevdiÄŸim arkadaÅŸÄ±m bile olsa vermem. gider aynÄ±sÄ±ndan ona da alÄ±rÄ±m.,no
231,[hiÃ§ faytona bindiniz mi acaba?](/soru/152137/hic-faytona-bindiniz-mi-acaba),hayÄ±r daha Ã¶nce hiÃ§ faytona binmedim binmek isterdim ama,no
233,hamile olabilir miyim,"hayÄ±r, ortada riskli bir durum yok.",no
236,yemek yaptÄ±ktan sonra mutfak ilk hali gibi kalabiliyor mu?,hayÄ±r hayÄ±r hicbir ÅŸekilde kalamÄ±yor bu yÃ¼zden evde tekken yemek yapÄ±yorum annem mutfaÄŸÄ±n o halini gÃ¶rÃ¼nce kalp krizi falan geÃ§irir allah korusun xbchdn mutfaktan 19 yaÅŸÄ±nda bir kÄ±z deÄŸil sanki fil geÃ§miÅŸ gibi oluyor sonra toplamaya da Ã¼ÅŸeniyorum vaktim varsa su iÃ§meye mutfaÄŸa gittikÃ§e bir ÅŸeyleri yerine kaldÄ±rÄ±rÄ±m xbjcc,no
237,siz kendinizi aÄŸlarken izler misiniz?,hayÄ±r aÄŸlayÄ±nca aÅŸÄ±rÄ± Ã§irkin olduÄŸum iÃ§in bakmÄ±yorum ğŸ™ƒ bakÄ±nca aÄŸlayasÄ±m gidiyor,no
238,7 kocalÄ± kadÄ±nÄ± tanÄ±yor musunuz?,ciaoğŸ¦‡ğŸˆğŸ¥‘ hayÄ±r ilk kez seninle Ã¶ÄŸrendim. ancak bu tarz ÅŸeylere ilgim var kÄ±sa bir zamanda araÅŸtÄ±rÄ±rÄ±m.,no
239,kendinizi eksik hissediyor musunuz?,"hayÄ±r, hiÃ§bir zaman kendimi eksik hissetmedim. tabi, zamanÄ±nda eksik hissettiÄŸim yÃ¶nlerim vardÄ± elbet ama artÄ±k ben bunlarÄ±n Ã¼stesinden Ã§oktan geldim. iÌ‡nsanlar zaten kendinde eksik hissettiÄŸi yÃ¶nleri en gÃ¼zel ÅŸekilde tamamlamalÄ±dÄ±r. eÄŸer tamamlarsa kiÅŸilik ve karakter yÃ¶nÃ¼nden mÃ¼kemmel birisi olur.",no
242,merhaba ben zehir guatr kanser mi oluyor.benim bÃ¼yÃ¼kannemde Ã§Ä±ktÄ± yaÅŸÄ± bÃ¼yÃ¼,hayÄ±r Ä±laÃ§la Ä±yÄ±leÅŸebilecek nÄ± durum merak etmeyÄ±n,no
244,ay Ã§ekirdeÄŸi dÃ¼ÅŸÃ¼ÄŸe sebep olur mu,"hayÄ±r, bÃ¶yle bir durum yok, olay tamamen tesadufi geliÅŸmiÅŸ.",no
247,taÅŸÄ±ma esnasÄ±nda pervaneleri Ã§Ä±karmalÄ± mÄ±yÄ±m?,"hayÄ±r, sadece katlayÄ±n.",no
248,her gÃ¼n durum paylaÅŸÄ±r mÄ±sÄ±nÄ±z?,hayÄ±r ya :d :d arada saÃ§ma ÅŸeyler atÄ±yorum da :d ama sÃ¼rekli deÄŸil,no
253,kadÄ±kÃ¶yde bÃ¼yÃ¼ mÃ¼ var?,"hayÄ±r, alakasÄ± bile yok.hakemler engel olmasaydÄ± galatasaray 20 yÄ±l iÃ§inde en az 3 4 galibiyet alÄ±rdÄ±. objektif biri olarak sÃ¶ylÃ¼yorum bunu.",no
254,steam'den alÄ±nan ea play origin'de geÃ§erli mi?,"hayÄ±r, geÃ§erli deÄŸil. fifa 20 oynayabilmek iÃ§in buradan abone olmalÄ±sÄ±nÄ±z.",no
256,her gÃ¼n dÃ¼zenli kahvaltÄ± yapÄ±yor musunuz?,maalesef hayÄ±r. kahvaltÄ± kÃ¼ltÃ¼rÃ¼m yok,no
259,evinizi abartarak Ã¶vmeyi sever misiniz?,"kesinlikle hayÄ±r, evim lÃ¼ks deÄŸil zaten altÄ± Ã¼stÃ¼ antalya lara'da ÅŸirinyalÄ±'da deniz gÃ¶ren asansÃ¶rlÃ¼ lÃ¼ks bir apartmanÄ±n en Ã¼stÃ¼ dubleks, kendime ait terasÄ±m var falan filan sevmem yani. ğŸ˜‚",no
268,aÅŸÄ±k olduÄŸunuz insan iÃ§in sonuna kadar mÃ¼cadele eder misiniz?,"tek taraflÄ± olduÄŸunu biliyorsam, hayÄ±r. iÌ‡ki taraflÄ±ysa gerekli mÃ¼cadelemi sÃ¼rdÃ¼rÃ¼rÃ¼m. baktÄ±m ki sonuÃ§ yine aynÄ±, uÄŸraÅŸmam. herÅŸeyi sevgi kurtarmÄ±yor.",no
273,"hediye aldÄ±ÄŸÄ±nÄ±zda, karÅŸÄ± taraftan karÅŸÄ±lÄ±k bekler misiniz?",hayÄ±r ama oda alÄ±rsa hoÅŸuma gider,no
276,fahriye evcen Ã§ok mu gÃ¼zel size gÃ¶re?,"hayÄ±r Ã§ok gÃ¼zel deÄŸil, kendisini diÄŸer Ã¼nlÃ¼lere gÃ¶re severim bana daha samimi mÃ¼tevazÄ± ve dÃ¼zgÃ¼n gelir yaÅŸam ÅŸekli Ã§ok dÃ¼zgÃ¼n bizden biri gibi ama gÃ¼zellik olarak Ã§ok gÃ¼zel gelmiyor bana.Ã¶zellikle son attÄ±ÄŸÄ± fotoÄŸraflarÄ± hiÃ§ beÄŸenemiyorum",no
279,kedime tasma takmam sakÄ±ncali mÄ±,hayir benim kedimde takiyor hatta seviyor ancak fazla sÄ±kma boynu acimasin,no
285,botoks yapÄ±yor musunuz,hayÄ±r yapmÄ±yorum.,no
289,osmo action su geÃ§irmez mi?,hayÄ±r fakat osmo action su geÃ§irmez kÄ±lÄ±f ile kullanÄ±ldÄ±ÄŸÄ±nda bu Ã¶zelliÄŸe sahip olacaktÄ±r.,no
290,her yanlÄ±ÅŸ diÄŸer yanlÄ±ÅŸlarÄ±n getirisi deÄŸil mi?,hayÄ±r bence deÄŸil. eÄŸer yanlÄ±ÅŸ yaptÄ±ktan sonra hala yapmaya devam ediyorsan o baÅŸka tabikide. ama ders alÄ±p kendine Ã§eki dÃ¼zen verildiyse diÄŸer gelecek yanlÄ±ÅŸlarÄ±n sebebi deÄŸildir. iÌ‡nsanoÄŸluyuz hatalar bizim iÃ§in. tabikide sÃ¼rekli yapÄ±lmadÄ±ktan sonra.,no
295,sokaktaki kediler bu mamayÄ± seviyor mu ? aci,hayÄ±r Ã§oÄŸu yemiyor,no
296,dji mimo uygulamasÄ± ile yapÄ±lan Ã§ekimlerdeki canlÄ± gÃ¶rÃ¼ntÃ¼yÃ¼ Ã¼Ã§Ã¼ncÃ¼ parti yazÄ±lÄ±mlara da aktarabilir miyim?,hayÄ±r.,no
305,samimi fikir verecek var mÄ± kafam Ã§ok karÄ±ÅŸÄ±k?,hayir ihanet degildir. ortada bir iliski yok ve bu durumda olmayan bir iliskiyr ihanette yok. ayrica o konustugun kisiylefe sevgili olmamÄ±ÅŸsÄ±n. kendi kendini yorma bu dÃ¼ÅŸÃ¼ncelerle. olmayan iliskiye ihanette olmaz..,no
310,hiÃ§ internetten sipariÅŸ ettiÄŸiniz bir Ã¼rÃ¼n yerine paketten baÅŸka bir Ã¼rÃ¼n geldi mi?,"hayÄ±r gÃ¼venilir yerleri tercih ediyorum.iade, degisim, garanti koÅŸullarÄ±ni da iyi araÅŸtÄ±rarak alÄ±rÄ±m.hiÃ§ sorun yaÅŸamadÄ±m ne elektronikler vs aldÄ±m hatta bir keresinde dedeme telefon almistik, ÅŸarj sÃ¼resi 6 gÃ¼n diyordu 4 gÃ¼n olmadan bitiyor diye onu da iade etmistim",no
311,html5 &lt;canvas&gt; Ã¶ÄŸesindeki metin iÃ§eriÄŸi arama motorlarÄ± tarafÄ±ndan dizine eklenebilir mi?,"<p>muhtemelen hayÄ±r, bir robotun sitenizde ne gÃ¶rdÃ¼ÄŸÃ¼nÃ¼ gÃ¶rmek iÃ§in bu aracÄ± deneyin <a href=""URL .</p>",no
314,ipv6'yÄ± ev aÄŸÄ±mda kullanmanÄ±n bir yararÄ± var mÄ±?,"<p>hayÄ±r, evde ipv6 kullanmanÄ±n bir faydasÄ± yoktur.</p><p>iÌ‡ÅŸte ilgili bir soru: <a href=""URL ilginÃ§ kullanÄ±mlarÄ± nelerdir?</a> </p>",no
315,faceit cs:go rÃ¼tbesini etkiler mi?,"hayÄ±r, faceit'in cs:go rÃ¼tbelerine hiÃ§bir etkisi yok.",no
330,laptop harici ekran kartÄ± usb ile baÄŸlanÄ±r mÄ±?,"hayÄ±r, bu ÅŸekilde olmaz. bu riserlar yalnÄ±zca pci-e giriÅŸinden Ã§alÄ±ÅŸÄ±yor.",no
333,ellerde hsv veya hpv Ã§Ä±kar mÄ±?,"hayÄ±r, bir dermatoloji uzmanÄ±na gitmenizi Ã¶neririm",no
334,bÃ¼tÃ¼n fiziksel engelliler altina kaÃ§Ä±rÄ±r mi?,hayÄ±r. fiziksel engeli dÄ±ÅŸkÄ±yÄ± veya idrarÄ± tutmaya yarayan kaslarÄ± sinirleri vs etkiliyorsa kaÃ§Ä±rabilir. ama atÄ±yorum bacaÄŸÄ± sakattÄ±r yÃ¼rÃ¼yemediÄŸi iÃ§in tekerlekli sandalye kullanÄ±yordur bu altÄ±na kaÃ§Ä±rmasÄ±na sebep olmaz,no
336,her film mutlu sonla bitmek zorunda mÄ±?,"hayÄ±r, benim filmimin bitmeyeceÄŸi gibi.",no
339,mavic miniâ€™nin dahili hafÄ±zasÄ± var mÄ±?,hayÄ±r. yapÄ±lan fotoÄŸraf ve video Ã§ekimlerini depolayabilmek iÃ§in sd kart kullanÄ±lmalÄ±dÄ±r.,no
340,evcil hayvan almayÄ± dÃ¼ÅŸÃ¼nÃ¼yor musunuz?,hayÄ±r dÃ¼ÅŸÃ¼nmÃ¼yorum zaten bir tane oÄŸlum var bana yetiyor artÄ±yor da ve dÄ±ÅŸarÄ±da evsiz hayvanlar Ã§ok var onlarda benim gÃ¶z bebeÄŸim her gÃ¼n kapÄ±ma mama iÃ§in geliyorlar onlar bana yetiyorlar. ğŸ™‚,no
341,dÃ¼ÄŸÃ¼nde iÃ§ki iÃ§mek yanlÄ±ÅŸ mÄ±?,"dozunun kaÃ§madÄ±ÄŸÄ± sÃ¼rece, hayÄ±r yanlÄ±ÅŸ deÄŸil.",no
342,testislere zarar gelir mi,"hayÄ±r, zamanla dÃ¼zelir",no
345,kÄ±zlÄ±k zarÄ± bakmakla bozulur mu?,hayÄ±r birÅŸey olmaz.,no
349,bir erkeÄŸe aÅŸÄ±k olmak iÃ§in illa Ã§ok yakÄ±ÅŸÄ±klÄ± mÄ± olmasÄ± gerekirr?,tabÄ±kÄ± hayÄ±r ne alakasÄ± varmÄ±s. tabÄ±kÄ± guzel bÄ±r kÄ±z yakÄ±sÄ±klÄ± olmayan bÄ±r erkege aÅŸÄ±k olabÄ±lÄ±r hatta cok daha fazla hassas olabÄ±lÄ±r sevgÄ± aÅŸk bu kÄ±me konacagÄ± bellÄ± olmaz zaten tÄ±pte bÄ±r Ã¶lÃ§Ã¼ degÄ±ldÄ±r kÄ±sÄ±lÄ±k karakter bazen onlar bÄ±le etkÄ±lemÄ±yor bÄ±r bakarsÄ±n hÄ±s baslamÄ±s bÄ±r bakÄ±s bÄ±r gulus bu kadar,no
352,"hiÃ§ sevmedigin birinde seni hapse attÄ±racak koz var ,, dediklerini yapar mÄ±sÄ±n?",hayÄ±r yapmam.. o kadar pisliksem cezamÄ± Ã§ekerim.. ÅŸntaja gelmem. ÅŸantaj yapan bi insanda iyi biri deÄŸildir hazÄ±r elim bulaÅŸmÄ±ÅŸken kemiklerini kÄ±rdÄ±rÄ±veririm,no
353,"cildinize kullandÄ±ÄŸÄ±nÄ±z Ã¼rÃ¼nÃ¼ arkadaÅŸÄ±nÄ±zda sizden gÃ¶rÃ¼p aynÄ±sÄ±nÄ± alsa ister istemez iÃ§inizden ""Ã¶zenti"" diye geÃ§irir misiniz?",hayir canÄ±m ne mÃ¼nasebet alt tarafÄ± bir Ã¼rÃ¼n ve herkes kullanabilir hatta birinin benden gÃ¶rÃ¼p biseyler almasÄ± beni onurlandÄ±rdÄ±rir Ã§Ã¼nkÃ¼ benim sayemde yeni biseyler keÅŸfetmiÅŸ olur yani benimde ister istemez kalitem artar beni Ã¶rnek aldÄ±ÄŸÄ± iÃ§in,no
355,madalyonun diÄŸer yÃ¼zÃ¼ Ã§evrildiÄŸinde sen yine aynÄ± sen misin?,"hayÄ±r aynÄ±sÄ± deÄŸilim. kime desem inanmaz gÃ¼ndÃ¼zleri baÅŸÄ±m hep dik, gÃ¼len, ÅŸaka yapan genelde mutlu bir insan olarak gÃ¶zÃ¼kÃ¼yorum ama geceleri dÃ¶ktÃ¼ÄŸÃ¼m gÃ¶zyaÅŸlarÄ±nÄ± bir ben biliyorum.",no
356,meni renginin sperm sayÄ±sÄ± ile bir ilgisi var mÄ±? yani meninin beyaz olmama,hayÄ±r,no
359,testi tekrar etmeye gerek var mÄ±,"hayÄ±r, tekrara gerek yok, sonuÃ§ kesin.",no
361,iÌ‡ktidar deÄŸiÅŸmeden ekonomi dÃ¼zelir mi?,"hayÄ±r iktidar ve yÃ¶netim deÄŸiÅŸmedikÃ§e Ã¼lkedeki ekonomik durum deÄŸiÅŸmez, kaldÄ± ki bu ikisi deÄŸiÅŸse ÅŸu an iÃ§inde bulunduÄŸumuz durumu toparlamak yine uzun zaman alÄ±r, adamlar temelden olan herÅŸeyi zararÄ±na satÄ±p yandaÅŸlarÄ±na daÄŸÄ±ttÄ±ÄŸÄ± ve kurulu sistemleri bozduÄŸu ÅŸeyler kolay kolay toparlanabilir gibime gelmiyor. Ã¼zÃ¼cÃ¼ bi durum",no
363,size alÄ±nan hediyelerin fiyatÄ±nÄ± araÅŸtÄ±rÄ±r mÄ±sÄ±nÄ±z?,hayÄ±r ya aklÄ±mÄ±n ucuna gelmez,no
364,mavic 2 video kaydÄ± yaparken fotoÄŸraf da Ã§ekebiliyor mu?,hayÄ±r.,no
366,dji mimo uygulamasÄ± telefonumda kalan video hafÄ±zasÄ±nÄ± gÃ¶steriyor mu?,hayÄ±r.,no
369,sevdiÄŸiniz insan iÃ§in tuttuÄŸunuz takÄ±mÄ± deÄŸiÅŸtirir misiniz?,hayÄ±r deÄŸiÅŸtirmem onuda gs lÄ± yaparÄ±m ğŸ˜,no
371,"sizden biri arkadaÅŸÄ±nÄ±zÄ±n numarasÄ±nÄ± istese, vermeden Ã¶nce arkadaÅŸÄ±nÄ±za sorar mÄ±sÄ±nÄ±z?",hayÄ±r kesinlikle vermem en ayar olduÄŸum bir durumoÄŸlumun okulundan numaramÄ± dershanelere veemiÅŸler gÃ¼nde 50 yerden Ã§ocuÄŸunuzu dershaneye vermeyi dÃ¼ÅŸÃ¼nÃ¼yor musunuz diye soruyorlar hayÄ±r diyorum 3gÃ¼n sonra yine arÄ±yorlar laftanda anlamÄ±yorlar engelleye engelleye bitmedilerde,no
372,peki bu durum spor yapmamÄ± engeller mi Ã§Ã¼nkÃ¼ lisanslÄ± voleybol oynuyorum,hayÄ±r. her ÅŸey bana aktardÄ±ÄŸÄ±nÄ±zdan ibaretse engel deÄŸildir.,no
376,aids bulaÅŸÄ±r mÄ±,"hayÄ±r, bahsettiÄŸiniz ÅŸekilde bulaÅŸmaz.",no
378,Ã§ocuklarÄ±nÄ±zÄ±n eÄŸitiminde biberi kullanÄ±r mÄ±sÄ±nÄ±z?,"kesinlikle hayir biber de neymis oyle!! cocuk senin sozunden cikiyor yaramazlik yapiyorsa, iletisiminizde bir sorun vardir. cocuguna daha fazla vakit ayir ve sabirli olup ona tum dogru ve yanlislari anlatman lazim.",no
379,sevgilinizin telefonunuzu kurcalamasÄ±na izin verir misiniz?,hayÄ±r hoÅŸuma gitmez,no
381,[Ã‡Ã¶zÃ¼ldÃ¼] minecraft'in eski sÃ¼rÃ¼mler iÃ§in olan modlarÄ± gÃ¼ncel sÃ¼rÃ¼mle uyumlu mu?,"hayÄ±r, deÄŸil Ã§Ã¼nkÃ¼ modlar iÃ§in aslÄ±ndan deÄŸiÅŸen ÅŸey sÃ¼rÃ¼m deÄŸil forge sÃ¼rÃ¼mÃ¼dÃ¼r. forge sÃ¼rÃ¼mÃ¼ eski sÃ¼rÃ¼m ile uymaz.",no
389,kÄ±zÄ±m 1 yasÄ±nda bu zamana kadar 4-5 kez antibiyotik icti cok zararÄ± olur mu,hayÄ±r olmaz.,no
394,hayÄ±r kelimesini kullanabiliyor musunuz?,gerÃ§ekten istemediÄŸim bir ÅŸey ise hayÄ±r derim.ama tolore edebileceÄŸim bir ÅŸey ise umursamÄ±yorum.,no
396,gerÃ§ekten aÅŸÄ±k oldunuz mu hiÃ§?,"hayÄ±r, gerÃ§ek aÅŸk ile henÃ¼z karÅŸÄ±laÅŸamadÄ±m. ne zaman duygusal ÅŸarkÄ±, romantik film izlesem etkileniyorum ama geÃ§miÅŸ flÃ¶rtlerimi dÃ¼ÅŸÃ¼nÃ¼nce hiÃ§ birini Ã¶zlemediÄŸimi fark ediyorum.",no
403,annenizden aÅŸk hayatÄ±nÄ±za dair tavsiyeler alÄ±r mÄ±sÄ±nÄ±z?,hayÄ±r almayÄ± dÃ¼ÅŸÃ¼nmem Ã§Ã¼nkÃ¼ hemen nutuga baÅŸlÄ±yorlar,no
413,kÄ±sa zamanda yapÄ±lan seks daha mÄ± tatlÄ± oluyor?,hayÄ±r asla doya doya tÃ¼m lezzetini tatmadan seks hiÃ§ zevk vermez.. kadÄ±nÄ±n saÃ§Ä±ndan ayaklarÄ±na kadar her yerinin lezzetini tatmak gerekir.,no
415,Ã¶zel hastanelerden memnun musunuz?,hayÄ±r Ã¶zellerde sÃ¶mÃ¼rÃ¼ genelde,no
418,"eÅŸim beni aldattÄ±, intikam almalÄ± mÄ±yÄ±m?",hayÄ±r intikam alma. bu sefer iÅŸler sarpa sarar haklÄ±yken haksÄ±z konumuna dÃ¼ÅŸersin. mahkemede zaten her tÃ¼rlÃ¼ intikamÄ±nÄ± alacaksÄ±n. sabret.,no
420,daha Ã¶nce saÃ§Ä±nÄ±zÄ± farklÄ± bir renge boyatÄ±p piÅŸman oldunuz mu?,hayÄ±r olmadÄ±m â˜ºï¸,no
423,sence her diyetisyene koÅŸulsuz gÃ¼venmeli miyiz?,hayÄ±r bak sana ÅŸÃ¶yle diyim ben bir diyetisyen bulmuÅŸtum onunla beraber 50 kÃ¼sÃ¼r kilo verdim sonra anlaÅŸamadÄ±k o kiÅŸiyle ondan sonra kime gittiysem o 50 kilo verdiÄŸim diyetisyen kadar azimli kararlÄ± olamadÄ±m burada enerji ve gÃ¼ven Ã¶nemli diyetisyenin ilgilisi seni gaza getirmesi Ã¶nemli yoksa anlaÅŸamazsanÄ±z enerji olmazsa olmuyor,no
429,belirli bir eklentinin hafÄ±za kullanÄ±mÄ±nÄ± sÄ±nÄ±rlayabilir misiniz?,"<p>hayÄ±r ve yapabilseniz bile, eklenti boÅŸ hafÄ±za dÄ±ÅŸÄ±ndaysa, sayfanÄ±n tamamÄ± Ã¶lÃ¼mcÃ¼l hata nedeniyle durur.</p><p>Ã§ok fazla bellek kullanmamak veya wordpress/php'ye tahsis edilen toplam belleÄŸi daha da arttÄ±rmak iÃ§in eklentinin kendisini dÃ¼zeltmesinden daha iyi olursunuz.</p>",no
430,cipralex ve ritalin etkileÅŸir mi?,yok hayÄ±r cipralex yapmaz ama gÃ¼nde 30 mg ritalin de ters etki yapÄ±p uyuÅŸukluk yapabilir,no
439,evden Ã§Ä±karken illa saÃ§Ä±nÄ± ÅŸekillendir misin?,hayÄ±r genellikle tepeye daÄŸÄ±nÄ±k topuz yapar Ã§Ä±karÄ±m,no
440,diÅŸlerinizden utanmadan gÃ¼lÃ¼mseyebiliyor musunuz?,"hayÄ±r sanmÄ±yorum, bakÄ±m gerekiyor, krem beyaz deÄŸil dÃ¼zenli fÄ±rÃ§alasam da aynÄ±",no
442,yaÅŸ 37 ve Ã¶pÃ¼ÅŸme bile yok. yalnÄ±z mÄ±yÄ±m bu konuda?,hayÄ±r bence seÃ§icisin. mesela benim bir sevdiÄŸim 2011 senesinde olmuÅŸtu 2013 te bitmiÅŸti. 2017 de baÅŸka birisi olmuÅŸtu ve 2018de de bitmiÅŸti. ÅŸu an da da birisi yok aÃ§Ä±kÃ§asÄ± istediÄŸim biri ile henÃ¼z karÅŸÄ±laÅŸamadÄ±m.,no
443,facebook messenger'da silinen mesajlarÄ± geri getirmenin yolu var mÄ±?,hayÄ±r yok maalesef.,no
448,osmo mobile 3â€™e baÅŸka bir gimbal ya da telefon baÄŸlayabilir miyim?,hayÄ±r. osmo mobile 3 diÄŸer gimbal ve kameralarÄ± desteklememektedir.,no
467,diÅŸ teli dudaklara zarar verir mi?,hayÄ±r hiÃ§ bir zararÄ± olmaz onlar sandÄ±ÄŸÄ±n kadar sert ve bÃ¼yÃ¼k deÄŸiller demirden yapÄ±lmÄ±ÅŸ diÅŸkeri dÃ¼zeltici bir malzeme sadece ama yemek yerken falan diÅŸlerinin o tele alÄ±ÅŸmasÄ± biraz uzun sÃ¼recek maalesef,no
472,baÄŸÄ±mlÄ±sÄ± olduÄŸunuz oyunlar var mÄ±?,hayÄ±r hiÃ§ baÄŸÄ±mlÄ±lÄ±k derecesinde oynadÄ±ÄŸÄ±m bir oyun yok. hobi olarak telefona her gÃ¼n oyunlar indirip oynayÄ±p siliyorum.,no
473, TÃ¼rkiye'nin de dahil olduÄŸu 139 Ã¼lkede KÃ¼resel Ä°klim Grevi baÅŸladÄ±! Siz katÄ±lacak mÄ±sÄ±nÄ±z?," hayÄ±r ,, kÃ¼resel iklimi tetikleyen unsurlarÄ±n yabancÄ± memelekettelde olduklarÄ±nÄ± dÃ¼ÅŸÃ¼nÃ¼yorum.. bu paltforma katÄ±lanlara deki rusyada Ã§ernobil kÃ¼rel etkileÅŸimi tetikledi hadi rus konsulosluk Ã¶nÃ¼nde bunu yapalÄ±m ya da [amerikan](https://.kizlarsoruyor.com/tag/amerika) Ã¶rneÄŸini ver hepsi geri vites.. ",no
475,maske tercihinizin kombininize etkisi oluyor mu?,"hayÄ±r, olmuyor. beyaz cerrahi maske kullanÄ±yorum.",no
477,kontrol hapÄ±yla beraber ertesi gÃ¼n hapÄ± iÃ§ilir mi,hayÄ±r ertesi gÃ¼nÃ¼ hapÄ± kullanmayÄ±n doÄŸum kontrol hapÄ± yeterlidir,no
478,sÄ±rf parasÄ± iÃ§in biriyle sevgili olur mu sun?,hayÄ±r onun parasÄ± beni ilgilendirmez. sÄ±rf karakteri iÃ§in olurum ama karakteri beni ilgilendirir,no
479,genel kÃ¼ltÃ¼r seviyenize yeterince gÃ¼veniyor musunuz?,"hayÄ±r, kendimi her geÃ§en gÃ¼n daha fazla geliÅŸtirmem gerektiÄŸini dÃ¼ÅŸÃ¼nÃ¼yorum",no
484,sigara ile ilgili kamu spotlarÄ±nÄ± caydÄ±rÄ±cÄ± buluyor musunuz?,"hayÄ±r bulmuyorum, insan kafasÄ±nda bitirmedikten sonra hiÃ§bir ÅŸey caydÄ±rÄ±cÄ± deÄŸil",no
485,regl dÃ¶nemi dÄ±ÅŸÄ±nda alt karÄ±n bÃ¶lgesindeki aÄŸrÄ± normal mi?,hayÄ±r regl dÄ±ÅŸÄ±nda olan her aÄŸrÄ±nÄ±n baÅŸka belirtisi olur gadasÄ±. eÄŸer ki gece Ã¼ÅŸÃ¼tme gibi bir durum varsa bu aÄŸrÄ± yapabilir. hala aÄŸrÄ± devam ederse doktara baÅŸvurmak iyi olur.,no
486,aÅŸÄ±rÄ± dalgacÄ± ve ÅŸakacÄ± bir sevgiliye tahammÃ¼l edebilir misiniz?,"hayÄ±r, edemem. sulu ÅŸakalardan hoÅŸlanmam. her dakika yapÄ±lan ÅŸakalardan hiÃ§ hoÅŸlanmam. yeri geldiÄŸinde yaparsÄ±n, gÃ¼ler geÃ§ersin. ama bunu sÄ±k sÄ±k yapmasÄ± can sÄ±kÄ±cÄ±.",no
494,yeni diziler eskilerin yerini tutabiliyor mu sizce?,hayÄ±r kesinlikle.,no
501,aÅŸÄ± turizmi iÃ§in yurt dÄ±ÅŸÄ±na seyahat dÃ¼ÅŸÃ¼nÃ¼r mÃ¼sÃ¼nÃ¼z?,"hayÄ±r aÅŸÄ±ya gÃ¼venmiyorum ÅŸu an, insanlarÄ±n aÅŸÄ±dan Ã¶ldÃ¼ÄŸÃ¼ ve henÃ¼z Ã¼reticisinin bile emin olamadÄ±ÄŸÄ± bir aÅŸÄ±yÄ± yapmayÄ± onaylanÄ±yorum.onaylayan varsa saygÄ± duyarÄ±m, kendi hayatlarÄ± kendi kararlarÄ±.",no
507,evlenince eÅŸinize sosyal medya kÄ±sÄ±tlamasÄ± getirir misiniz?,"Ã¶lÃ§Ã¼lÃ¼ kullanÄ±yorsa hayÄ±r. iÌ‡nsanlarÄ± kÄ±sÄ±tlayan , hayatlarÄ±nÄ±n iÃ§ine eden biri olmak istemiyorum",no
512,serdar ortaÃ§ beÅŸiktaÅŸ'tan Ã¶zÃ¼r diledi! sizce affedilmeli mi?,"beÅŸiktaÅŸ taraftarÄ± olarak diyorum ki hayÄ±r. yok sayÄ±lsa yeridir. o kim? kartal zirvede uÃ§arken bp bÃ¶cekleri yerde sÃ¼rÃ¼nerek Ã§Ä±ÄŸlÄ±k Ã§Ä±ÄŸlÄ±ÄŸa baÄŸÄ±rÄ±ÅŸÄ±rken, kusura bakmasÄ±nlar, sesleri gelmiyor",no
518,proluton depot iÄŸne geliÅŸim geriliÄŸi yapar mÄ±?,"hayÄ±r , bu bilgiler doÄŸru deÄŸil. rahatlÄ±kla kullansbilirsin",no
520,cs:go vac ban prime status upgrade satÄ±n alÄ±rsam kalkar mÄ±?,hayÄ±r.,no
521,tello su geÃ§irmez mi?,hayÄ±r.,no
526, Ä°lk defa lens kullanÄ±cam lakin lenslerim 1 aylÄ±k (1 kutuda 6 tane var ) bir tanesini 4 gÃ¼n mÃ¼ kullanÄ±cam?," hayÄ±r bir tanesi bir aylÄ±k. takacan suyunu ihmal etmeyecen. 10 gÃ¼nde bir Ã§Ä±kartacan yarÄ±m saat bir saat boÅŸta gezecen. ya da akÅŸam cÄ±karÄ±p sabah takacan dinlenecek suyunu ihmal etmeyeceksin hepsi bu. batma yanma kaÅŸÄ±ntÄ± aÅŸÄ±rÄ± Ã§apak yapmadÄ±ÄŸÄ±n sÃ¼rece tak kullan, bir ÅŸey olmaz. ",no
527, MastÃ¼rbasyon sivilce yapar mÄ±?, hayÄ±r yapmaz 20 yÄ±ldÄ±r masturbasyon yapÄ±yorum daha 1 tane bile [sivilce](https://.kizlarsoruyor.com/diger/q30608-sivilceden-acil-kurtulmak-icin-ne-yapmaliyim) Ã§Ä±kmadÄ± sivilce Ã§Ä±kmasÄ±nÄ± Ã¶nlÃ¼yor Ã§ok yararlÄ± gÃ¶nÃ¼l rahatlÄ±ÄŸÄ± ile yapabilirsin masturbasyon hiÃ§bir ÅŸey yapmaz Ã¼stelik saÄŸlÄ±ÄŸa yararlÄ± azaltmayÄ± boÅŸuna deneme baÅŸarÄ±sÄ±z olursun ben senelerdir yapÄ±yorum sorun Ã§Ä±kmadÄ± ,no
534,[roller coaster a hiÃ§ bindiniz mi? nasÄ±ldÄ±?](/soru/134059/roller-coaster-a-hic-bindiniz-mi-nasildi),hayÄ±r hiÃ§ binmedim. nasÄ±l birÅŸey olduÄŸunu da bilmiyorum. denemek isterdim.,no
535,Ã§ocuklarÄ±nÄ±zÄ±n duvarÄ± ya da evde baÅŸka bir nesneyi boyamasÄ±ndan dolayÄ± kÄ±zar mÄ±sÄ±nÄ±z?,hayÄ±r kÄ±zmam boyasÄ±n nolcak onunla birlikte bende boyarÄ±m. hatta heryeri boyarÄ±z Ã§izeriz. kÄ±zmam iÃ§imde benimde Ã¶yle yaramazlÄ±klar yatar Ã§Ã¼nkÃ¼,no
539,kremle olur mu,hayÄ±r,no
550,danilo ÅŸef masterchef tÃ¼rkiyeâ€™den ayrÄ±ldÄ± mÄ±? ?,ya abi hayÄ±r ya kabul etmiyorum banane,no
552,merhaba idrar yolu enfeksiyonu veya vajinal enfeksiyonlar gebeliÄŸe engel mi,hayÄ±r. dr. kutay biberoÄŸlu,no
553,annem evleneceÄŸim kiÅŸinin dÃ¼zgÃ¼n bir iÅŸinin olmasÄ±nÄ± istiyor bÅŸr benim annem mi bÃ¶yle?,yoo benim annem bile herÅŸeye karÄ±ÅŸÄ±yo bu konuda eski sevgilimi beÄŸenmemiÅŸti bu yÃ¼zden ayrÄ±l demiÅŸti,no
554,deniz ayakkabÄ±sÄ± aldÄ±nÄ±z mÄ±? iÌ‡nternetten alacaÄŸÄ±m Ã¶neriniz var mÄ±?,"hayÄ±r almadÄ±m, palet kullanÄ±rÄ±m ben. hem daha hÄ±zlÄ± yÃ¼zerim, hem daha Ã§ok zorlandÄ±ÄŸÄ±mdan daha iyi bir spor olur, hemde dilediÄŸim kadar aÃ§Ä±labilirim, nefesim yettiÄŸi kadar da derine dalabilirim.",no
555,hÄ±rvat Ã§oban kÃ¶peÄŸi evde bakÄ±labilir mi?,kesinlikle hayÄ±r ya ! Ã§oban kÃ¶peÄŸi arazide enerjisini atamazken ? ,no
557,iÌ‡ngilizce bilmeyen birini hayatÄ±nÄ±za alÄ±r mÄ±sÄ±nÄ±z?,hayÄ±r almam. Ã§ocuÄŸumla ingilizce konuÅŸmak istiyorum,no
560,instagram'da gÃ¶nderi bildirimi aÃ§Ä±nca bildirim gider mi?,"sorunun cevabÄ± hayÄ±r. instagram'da gÃ¶nderi bildirimi aÃ§Ä±nca bildirim gitmez.kim olursa olsun istediÄŸiniz kiÅŸinin gÃ¶nderi bildirimini aÃ§Ä±n, instagram ona **""ÅŸu kiÅŸi senin gÃ¶nderilerinin bildirimini aÃ§tÄ±""** diye haber etmez.aynÄ± ÅŸekilde gÃ¶nderi bildirimini kapattÄ±ÄŸÄ±nÄ±zda da ona instagram haber vermeyecektir.",no
562,hacklenen cd projeck red'den alÄ±nan witcher hesabÄ± Ã§alÄ±nÄ±r mÄ±?,hayÄ±r.,no
567,ethereum mining Ã¶deme alÄ±nacak mÄ±?,"hayÄ±r, o yazan farklÄ± bir ÅŸey. orada yazÄ±lana gÃ¶re bir Ã¼rÃ¼n alÄ±rken onu tl ile Ã¶demek yerine kripto ile Ã¶deme ÅŸekli kalkacak, zaten daha ileri tarihlerde kalkacak. eth kazÄ±p banka hesabÄ±na parayÄ± alabilirsin.",no
568,aramÄ±zda sinop'lu olanlar var mÄ±?,kanka hayÄ±r ama ben sana ÅŸÃ¶yle bir ÅŸey sÃ¶yleyeyim kadrolarÄ±na baktÄ±m mesela kasÄ±m ayÄ±nda bu sene sinop ada kadro aÃ§Ä±lmÄ±ÅŸ bakarsÄ±n o taraflara tayinim Ã§Ä±karsa Ã§ok iyi olacak benim iÃ§in aslÄ±nda,no
574,dr hanÄ±m iyi gÃ¼nler benim sorum kÄ±zlÄ±k zarÄ± kÃ¼cÃ¼k dudaklara mÄ± baglÄ±.ve k,hayÄ±r bozulmaz. kÄ±zlÄ±k zarÄ± vajinanÄ±n 1-1.5 cm ilerisinde ve iÃ§indedir. dudaklarla alakasÄ± yoktur.,no
575,"hikaye, roman vs yazÄ±yonuz mu?","hayÄ±r yazmÄ±yorum, hiÃ§ denemedim de daha Ã§ok okumayÄ± seviyorum ğŸ˜€ama ÅŸarkÄ± sÃ¶zÃ¼ yazabiliyorum ve bu konuda da kendimi daha da geliÅŸtirmeye gayret gÃ¶steriyorum.",no
580,hayatÄ±nÄ±zda hiÃ§ bir kÄ±zÄ± dÃ¶vdÃ¼nÃ¼z mÃ¼?,amasiz fakatsiz kadinlara siddete hayir. siddete hayir kavga hic bir seyin cozumu degildir. dovmek filini kullanan hic kimseyi arkadas olarak etrafimda gormek istemiyorum siddet hic biseyi cozmez,no
584,kÄ±sÄ±r mÄ±yÄ±m?,hayir boyle bir ilgi/ iliski yok.. sorun yok,no
585,film izlerken kendinizi film karakterinin yerine koyar mÄ±sÄ±nÄ±z?,hayÄ±r,no
588,yaÅŸÄ±mÄ±z bÃ¼yÃ¼dÃ¼kÃ§e diÅŸimiz de bÃ¼yÃ¼r mÃ¼?,"hayÄ±r bÃ¼yÃ¼mez, ayrÄ±ca senin moralini bozanlara da cevabÄ±nÄ± ver. zekÃ¢ geriliÄŸi yasÄ±yor belli ki",no
592,AynÄ± anda birden fazla flÃ¶rtÃ¼ olan var mÄ± varsa itiraf zamanÄ± ?,cerencim :D hayÄ±r olmadi oyle flÃ¶rt olursa Ã¶mÃ¼rlÃ¼k olsun tek olsun benim olsun aÃ§Ä±k ve ne:D,no
594,saÄŸlÄ±ÄŸÄ±nÄ±zÄ± olumsuz etkilediÄŸini bile bile yapmaya devam ettiÄŸiniz alÄ±ÅŸkanlÄ±klarÄ±nÄ±z var mÄ±?,"hayÄ±r yok. ÅŸekeri hayatÄ±mdan Ã§Ä±karttÄ±m, abur cuburu yerim ama sÄ±k deÄŸil, sigara falanda yok kafam rahat. kardeÅŸime de sigarayÄ± bÄ±raktÄ±rmaya Ã§alÄ±ÅŸÄ±yorum ama bÄ±rakmÄ±yor. umarÄ±m sen bÄ±rakÄ±rsÄ±n.",no
595,iÌ‡stanbulâ€™da ÅŸahsi araÃ§larda kÄ±ÅŸ lastiÄŸi zorunlu mu?,hayÄ±r deÄŸil ama kÄ±ÅŸ lastiÄŸi almanÄ± tavsiye ederim. genelde iÌ‡stanbul'da kar Ã§ok durmadÄ±ÄŸÄ± iÃ§in kullanmayÄ± tercih etmiyoruz. Ã§Ã¼nkÃ¼ ; kÄ±ÅŸ lastiÄŸi Ã§iselemiÅŸ yaÄŸmurda daha kaygan olabiliyor. ama her lastiÄŸi mevsiminde kullanmakta fayda vardÄ±r.,no
597, Yeni nesil Ã§ok zeki deÄŸil mi?, yoo deÄŸil. sadece yeni ÅŸeylere (eskilere Ã§ok ilginÃ§ gelen teknolojik ÅŸeyler) adapte olmuÅŸ ÅŸekilde bÃ¼yÃ¼yorlar. onlara da bir sonraki ÅŸeyler Ã¶yle gelecek. yoksa insanoÄŸlu hep aynÄ±dÄ±r ,no
604,yeri geldiÄŸinde â€œhayÄ±râ€ demeyi bilir misiniz?,"hayÄ±r kolay kolay diyemiyorum Ã§Ã¼nkÃ¼ karÅŸÄ±mdaki aman Ã¼zÃ¼lmesin aman iyi olayÄ±m gibi vb. durumlarda ""hayÄ±r "" diyemiyorum kolayca ve bu yÃ¼zden olumsuz acÄ±dan etkilendiÄŸim zamanlar da oluyor insan bazen hayÄ±r demeyi bilmeli kendisi iÃ§in",no
618,el deÄŸmemiÅŸ bir kÄ±zla evlenmek istiyorum Ã§Ã¼nkÃ¼ benim de hiÃ§ olmadÄ± bÃ¶yle birini bulabilir miyim?,"hayÄ±r, kimse dÃ¼rÃ¼st olmaz 10-15 kiÅŸi ile yatan biri bile daha Ã¶nce 2 kiÅŸi ile birlikte oldum diyor, kanÄ±tla kanÄ±tlayabilirsen. tek yol ailenizin tanÄ±dÄ±gÄ± ile gÃ¶rcÃ¼ usulu evlenmek yoksa sÄ±kÄ±ntÄ± olabilir.",no
619,Geyik eti hic yediniz mi?, hayÄ±r hayatÄ±mda hiÃ§ geyik eti yemedimÂ   yaa ben hayvanlarÄ±n etlerinin yenmesini hoÅŸÂ   ve gÃ¼zel bulmuyorumÂ  ,no
634,hic yatmayi dÃ¼sÃ¼nmediginiz biriyle yattiniz mi ve kimdi?,"hayÄ±r asla bÃ¶yle bir ÅŸeyi yapmam ruhuma dokunmayan adam bedenime de dokunamaz, benim iÃ§in ani ÅŸeyler sadece bu ÅŸekilde olur Ã¶ylr bi anda hadi Ã¶pÃ¼yÃ¼m hadi yatÄ±yÄ±m olmaz",no
637,aklÄ±nÄ±zdan geÃ§enler yÃ¼zÃ¼nÃ¼ze yansÄ±yor mu?,hayÄ±r ben mimiksiz bir insanÄ±m. suratÄ±mdan hiÃ§bir duygu anlaÅŸÄ±lmadÄ± anlaÅŸÄ±lmaz kaÅŸÄ±m kalkÄ±yorsa kaÃ§sÄ±nlar.,no
642,zeka azalÄ±r mÄ±?,hayÄ±r azalmaz ancak dikkat azalÄ±nca zekanÄ±n fonksiyonlarÄ± azalmÄ±ÅŸ gibi gÃ¶zÃ¼kÃ¼r.,no
643,belsoÄŸukluÄŸu veya mantar gibi rahatsÄ±zlÄ±klar hÄ±v tanÄ±sÄ±nÄ± geciktirir mi?,"hayÄ±r, geciktirmez, bunlar, tanÄ± aÃ§Ä±sÄ±ndan birbirinden baÄŸÄ±msÄ±zdÄ±r.",no
647,gebelik riski var mÄ±?,hayÄ±r yoktur.,no
648,nazik olmak karakterinizden Ã¶dÃ¼n vermemizi mi saÄŸlar?,hayÄ±r bence Ã¶dÃ¼n vermezsin nazik olunca karÅŸÄ±lÄ±ÄŸÄ±nda nazik biri gÃ¶rmezsem nazikliÄŸi bÄ±rakÄ±p onun anladÄ±gÄ± dilden konusurumğŸ˜„,no
656,dji go 4 uygulamasÄ±nÄ± gÃ¼ncellerken diÄŸer uygulamalarÄ± kullanabilir miyim?,hayÄ±r. bu ÅŸekilde yaparsanÄ±z gÃ¼ncelleme baÅŸarÄ±sÄ±z olacaktÄ±r. sonrasÄ±nda da yazÄ±lÄ±mÄ± tekrar indirip gÃ¼ncellemeye yeniden baÅŸlamanÄ±z gerekecektir.,no
657,kanser olabilir miyim?,selam;hayÄ±r bu bulguyu (iÌ‡bs) irritabl barsak sendromunda gÃ¶rÃ¼yoruz. kanserde daha Ã§ok kanlÄ± dÄ±ÅŸkÄ±lama olur. anlattÄ±ÄŸÄ±nÄ±z durumlar iÌ‡bs hastalÄ±ÄŸÄ±nÄ± iÅŸaret ediyor.kolonsokopiyle kesin tanÄ± konur. korkmanÄ±za neden de yok.,no
660,alkol kullanan insanlara Ã¶nyargÄ±lÄ± mÄ±sÄ±nÄ±z?,aÄŸzÄ±yla iÃ§meyi biliyorsa hayÄ±r ğŸ˜‚ hatta masa kurarÄ±z bir kadeh de biz iÃ§eriz,no
665,pro plus uzaktan kumandaya baÅŸka herhangi bir yazÄ±lÄ±m yÃ¼kleyebilir miyim?,hayÄ±r. kumanda Ã¼Ã§Ã¼ncÃ¼ parti yazÄ±lÄ±mlarÄ± desteklememektedir.,no
672,spermiyogram gerekli mi,"hayÄ±r, gerek yok",no
678,sevgilinizi arkadaÅŸÄ±nÄ±zÄ±n sevgilileriyle kÄ±yaslar mÄ±sÄ±nÄ±z?,hayÄ±r benim sefgilim en iyisi,no
681,mavic air su geÃ§irmez mi?,hayÄ±r.,no
682,anneler daha Ã§ok kÄ±z Ã§ocuklarÄ±na mÄ± dÃ¼ÅŸkÃ¼n olurlar?,hayÄ±r bence tam tersi. erkek evlatlarÄ±na daha dÃ¼ÅŸkÃ¼ndÃ¼rler. babalar da kÄ±zlarÄ±na..,no
683,yÄ±rtÄ±k kot giymeyi sever misiniz?,hayÄ±r sevmem ama kÄ±zlar seviyor,no
684,bakire miyim deÄŸil miyim bilmiyorum,"hayÄ±r, sÃ¼rtÃ¼nme ile vajina iÃ§i geniÅŸlemez. yapÄ±sal yani doÄŸumsal olarak geniÅŸ olabilir, kÄ±zlÄ±k zarÄ±nÄ±z esnek yapÄ±da olabilir. muayene iÃ§in randevu tel: 0216-3851715",no
685,eviniz ve Ã§evresi yeterince gÃ¼venli korunaklÄ± mÄ±?,hayÄ±r deÄŸil. sitede oturuyorum ancak sitenin sÄ±nÄ±rlarÄ± sadece incecik bir parmaklÄ±kla belirlnmiÅŸ. kapÄ±lar gÃ¼venli deÄŸil. otoparka giriÅŸte kilitli bir mekanizma yok. Ã§evre desen allah'lÄ±k,no
686,jelibon sever misin?,hayÄ±r sevmiyorum benlik deÄŸil ğŸ˜„,no
690,"""uyuma konuÅŸalÄ±m"" dediÄŸiniz kimse var mÄ±?",hayÄ±r. bana bu soru sorulsaydÄ±; uyanÄ±kken aklÄ±n neredeydi? mis gibi de uyurum derdim. ayrÄ±ca; ibrahim tatlÄ±sesin bu kadar ÅŸirin olacaÄŸÄ± hiÃ§ aklÄ±ma gelmezdi. ğŸ˜…,no
698,"kÄ±zlar, eÅŸiniz sizin iÃ§in alÄ±ÅŸveriÅŸ yapar mÄ±?",hayÄ±r hiÃ§ yapmadÄ±,no
700,"erkekler, karÄ±nÄ±za veya sevgilinize hiÃ§ fiziksel ÅŸiddet uygulayadÄ±nÄ±z mÄ±?",hayÄ±r hiÃ§ ygulamadÄ±m,no
701,bu doÄŸru mu acaba?,hayÄ±r bu sizin yanlÄ±ÅŸ algÄ±nÄ±z Ã¼niversiteye kadar sevgilim olmadÄ± Ã¼niversitenin 3. yÄ±lÄ±nda uzun iliÅŸkime baÅŸladÄ±m bozulmak ne demek bilemiyorum doÄŸru bulmuyorum bu tÃ¼r ifadeleri ama bi sÄ±kÄ±ntÄ± yaÅŸamadÄ±m yani biÅŸey olmuyo herÅŸeyi bozulma veya yoldan Ã§Ä±kma olarak tanÄ±mlÄ±yorsanÄ±z Ã¶nce o kÄ±smÄ± dÃ¼zeltmek gerek,no
702,bir ben mi bÃ¶yleyim?,hayir sadece doÄŸru bir kisi karsina cikmayip kalbine iÅŸlemedigi icindir,no
704,"""kuru gÃ¶tlÃ¼"" biriyle sevgili olur musunuz?",hayÄ±r kuru popiÅŸli erkek sevmem ne biÃ§im o Ã¶yle avuca gelecek g*t dediÄŸin djdj,no
705,"iÌ‡mkansÄ±z bir aÅŸkÄ± yaÅŸamak mÄ±, kaÃ§mak mÄ±?","yasak bir aÅŸksa hayÄ±r yaÅŸamak istemem.iÌ‡mkansÄ±zsa, baÅŸka nedenler varsa her tÃ¼rlÃ¼ mÃ¼cadeleyi veririm aÅŸkÄ±m iÃ§in",no
708,verileri saklamak iÃ§in sd karta ihtiyaÃ§ var mÄ±?,hayÄ±r.,no
713,zippo uygun bir hediye mi?,yoo gayet guzel olmus bence umarÄ±m oda sever su hayatÄ±mÄ±zdakÄ± '' baskalarÄ±'' olmazsa daha mutlu olucazda neyse ; )) Ä±yÄ± dusunmussun,no
716,aÅŸÄ±k mÄ± oldum :( ?,hayÄ±r bu aÅŸk deÄŸil..senin ki yalnÄ±zlÄ±ÄŸÄ±n verdiÄŸi tepki.. onunla konuÅŸmak sana iyi geliyordu.. bu sayede yalnÄ±zlÄ±ÄŸÄ±nÄ± sana unutturuyordu.. ÅŸu an elinden oyuncaÄŸÄ± alÄ±nmÄ±ÅŸ bir Ã§ocuÄŸun verdiÄŸi tepkiyi veriyorsun.. sosyalleÅŸirsen o kÄ±zla muhabbet etmeye olan ihtiyacÄ±n yok olur..,no
720,karÄ± seviyor musunuz?,hayÄ±r sokakta kalan insanlar ve hayvanlarÄ± dÃ¼ÅŸÃ¼ndÃ¼ÄŸÃ¼m iÃ§in sevemiyorum :(,no
722,"kÄ±zlar, seÃ§erken deniyor musunuz?","hayÄ±r, gerek duymuyorum denemek iÃ§in.",no
727,8 aylÄ±k bebeÄŸime uyumadan hemen Ã¶nce yoÄŸurt yedirdim daha Ã§ok uyur mu?,hayÄ±r uyutmaz :) gÃ¼nde 3 defa uyutun artÄ±k geceleri rahat edersin ve uyku Ã¶ncesi 1 saat oyun oynatÄ±n yÃ¼rÃ¼tmeye emekletmeye falan Ã§alÄ±ÅŸÄ±n yorulursa uyur sadece,no
728,dji mimo uygulamasÄ± aracÄ±lÄ±ÄŸÄ±yla takip hÄ±zÄ±nÄ± ayarlayabilir miyim?,hayÄ±r.,no
738,bir ÅŸey Ã¶ÄŸretirken sakin kalabiliyor musunuz?,"hayÄ±r kesinlikle deÄŸilim. kuzenlerime fizik falan Ã§alÄ±ÅŸtÄ±rÄ±rken anlamadÄ±klarÄ±nda sinirleniyordum. Ã¼niversitede okurken Ã¶zel ders veriyordum harÃ§lÄ±k Ã§Ä±ksÄ±n diye liselilere, anlamadÄ±klarÄ±nda iÃ§ten iÃ§e agresyon doluyordum :d iÌ‡yi ki Ã¶ÄŸretmen olmamÄ±ÅŸÄ±m.",no
740,youtube artÄ±k Ã¼cretli mi?,"hayÄ±r Ã¼cretli deÄŸil. sadece premium diye bir yeni hizmeti Ã§Ä±ktÄ±. premium almak istersen alÄ±yorsun. reklam yok, arka planda video oynatma ve youtube originals gibi hizmetlere sahip oluyorsun. ama premium'u almayan hiÃ§bir ÅŸey kaybetmiyor. yine normal kullanmaya devam edebilirsin para vermeden.",no
741,sizce resimdeki gecelik seksi mi?,hayÄ±r deÄŸil vÃ¼cudu saran transparan veya dantelli gecelikler daha seksi durur kÃ¼lot sÃ¼tyende olabilir,no
746, Evlendiniz zaman eÅŸinize oral yapmayÄ± dÃ¼ÅŸÃ¼nÃ¼yor musunuz?, hayÄ±r kesinlikle. insanda biraz mide olur p*rnolarda pis gavurlarÄ± gÃ¶re gÃ¶re onlarÄ±n yaptÄ±klarÄ±nÄ± yapmak isteyenlerden tiksiniyorum ,no
747,iÌ‡liÅŸki yaÅŸamak sizi korkutuyor mu?,hayÄ±r..,no
748,uzaktan kumandada hdmi Ã§Ä±kÄ±ÅŸÄ± mevcut mu?,hayÄ±r.,no
755,os x Ã¼zerindeki / etc / hosts dosyamdaki bir giriÅŸte bir baÄŸlantÄ± noktasÄ± belirleyebilir miyim?,"<p>hayÄ±r, hosts dosyasÄ±, dns sunucusu olmadÄ±ÄŸÄ±nda adlarÄ± statik olarak Ã§Ã¶zmenin bir yoludur.</p>",no
757,ğŸ’„makyajÄ±nÄ± silince de aynÄ± kiÅŸi oluyor musun?,"hayÄ±r tabikide aynÄ± kiÅŸi olacaksam makyaj niye yapayim ki? insanlar makyaji degismek icin yapar , cildinin daha temiz olmasi icin verilen uÄŸraÅŸa bakÄ±m denir arkadaÅŸlar makyaj ile bakÄ±m farklÄ±dÄ±r karÄ±ÅŸtÄ±rmayalÄ±m.",no
758,ele bulaÅŸan sperm hamile kalÄ±nÄ±r mÄ±,hayÄ±r hamile kalÄ±nmaz.,no
762,doktorun karÅŸÄ±sÄ±nda soyunmaktan Ã§ekinir misiniz?,hayÄ±r rahatsÄ±z olmuyorum,no
764,peek Ã¶zelliÄŸi kalktÄ± mÄ±?,"hayÄ±r kaldÄ±rÄ±lmadÄ±. aÅŸaÄŸÄ±daki yolu izleyin.geliÅŸmiÅŸ sistem ayarlarÄ± > performans kÄ±smÄ±ndaki ayarlar seÃ§eneÄŸiburada ""peek Ã¶zelliÄŸini etkinleÅŸtir"" isimli seÃ§eneÄŸi tikleyin.",no
769,mavic air 2 Ã§ok yÃ¶nlÃ¼ engel algÄ±lama sistemine sahip mi?,"hayÄ±r. iÌ‡leri, geri ve aÅŸaÄŸÄ± yÃ¶nlÃ¼ engel algÄ±lama sistemine sahiptir.",no
773,"sÄ±rf modaya uymak iÃ§in sevmediÄŸiniz, tarzÄ±nÄ±z olmayan bir giysi giydiniz mi?",hayÄ±r giymem,no
774,on iki dÄ±ÅŸÄ±mÄ±n arasÄ±nda Ã§Ã¼rÃ¼me var ve yarÄ±n dolgu yaptÄ±rÄ±cam iyi olur mu?,hayÄ±r. kompozit yani beyaz dolgu yaptÄ±klarÄ± iÃ§in belli bile olmuyor. benim hem Ã¼st 2 diÅŸime de dolgu yaptÄ±lar belli olmuyor. hatta alt diÅŸi kÄ±rmÄ±ÅŸtÄ±m Ã¶n diÅŸ diye onuda kompozit dolgu yaptÄ±lar belli olmuyor gÃ¶renler saÃ§malama bunun neresi dolgu diyorlar :d,no
777,diÅŸÃ§i koltuÄŸu sizi de korkutuyor mu?,hayir fjjfdkk Ã§ok rahat ve sonuÃ§ta orada saÄŸlÄ±ÄŸÄ±nÄ± iyilestirnek icin ugrasiyorlar,no
778,eÅŸinize/sevgilinize aÅŸaÄŸÄ±daki ÅŸiddet tÃ¼rlerinden birini uyguladÄ±nÄ±z mÄ±? ya da ÅŸiddete maruz kaldÄ±nÄ±z mÄ±?,"hayÄ±r uygulamadÄ±m , bir kadÄ±n karÅŸÄ±sÄ±nda sadece erkek olduÄŸum iÃ§in bu yola tevessÃ¼l etme giriÅŸiminin ne denli bir acizlik olduÄŸunu , cinsiyetin deÄŸil ÅŸahsiyetin Ã¶nceliÄŸini bildiÄŸim iÃ§in ve dahi allah rÄ±zasÄ± iÃ§in kesinlikle yapmadÄ±m yapmamaya azami dikkat ediyorum. zaman zaman maruz kaldÄ±ÄŸÄ±m oluyor maalesef. bunada ÅŸÃ¼kÃ¼r ediyorum.",no
787,eÄŸitim durumuyla kibirlenen birine tahammÃ¼l edebilir misiniz?,hayÄ±r Ã¶yle biriyle arkadaÅŸ da olamam kendini beÄŸenmiÅŸlik hissedersem uzaklaÅŸirim,no
788,erkeÄŸe kaba sakalÄ± yakÄ±ÅŸtÄ±rÄ±yor musunuz?,hayÄ±r kabasakalÄ±hiÃ§bir erkeÄŸe yakÄ±ÅŸtÄ±rmÄ±yorum hatta bÄ±yÄ±k falan da sevmem suratta tÃ¼y ve kÄ±la dair ÅŸeyleri sevmem ğŸ˜¬ ama kirli sakal Ã§okoÅŸ,no
789,dji mimo uygulamasÄ± Ã¼zerinde yapÄ±lan kamera ayarlarÄ± telefonumun video Ã§Ã¶zÃ¼nÃ¼rlÃ¼ÄŸÃ¼nÃ¼ etkiliyor mu?,hayÄ±r.,no
793,Bilgisayarda ders aÃ§amÄ±yorum. YÃ¼klemem gereken bir program mÄ± var?,"hayÄ±r, aÃ§Ä±lmasÄ± lazÄ±m. sorunun detaylarÄ±nÄ± paylaÅŸÄ±rsanÄ±z bi fikrimiz olabilir",no
794,sanaldan flÃ¶rt aldatmaya girer mi?,hayÄ±r diye oylayanlar yine hemcinsim. ÅŸaÅŸÄ±rmadÄ±m.,no
798,gece olunca ÅŸiir dinler misiniz?,hayÄ±r :d,no
801,denizde hamile kalÄ±nÄ±r mÄ±,"hayÄ±r, kalÄ±nmazhttps://.uzayyildirim.com/gebeligin-olusumu",no
813,vajinam geniÅŸ mi?,hayÄ±r,no
814,hocam merhaba. ben bel kaymasÄ± ile bel fÄ±tÄ±ÄŸÄ± aynÄ± mÄ±? sormak istiyorum. iy,"hayÄ±r nihat bey bel kaymasÄ± omurlarÄ±n birbirleri Ã¼zerinde kaymasÄ± olup , bel fÄ±tÄ±ÄŸÄ± bu omurlar arasÄ±ndaki kÄ±kÄ±rdaÄŸÄ±n omurilik kanalÄ±na Ã§Ä±kmasÄ±dÄ±r bel kaymasÄ±nda fÄ±tÄ±klaÅŸma vardÄ±r fakat fÄ±tÄ±klarda bel kaymasÄ± olmayabilir ",no
815,sosyal medyanin esiri misin?,"hayÄ±r deÄŸilim. gÃ¼nÃ¼mÃ¼ zamanÄ±mÄ± hayatÄ±mda ki arkadaÅŸlarÄ±ma, sevgilime, aileme, en Ã§ok anneme ayÄ±rÄ±yorum tatlÄ± bir sohbet eÅŸliÄŸinde Ã§ayÄ±mÄ±zÄ± yudumluyoruz annemle burada saatlerimi geÃ§irerek napabilirim?",no
818,Ã¶n ekran Ã¼zerinden osmo actionâ€™Ä± kontrol edebilir miyim?,hayÄ±r. Ã¶n ekran sadece gÃ¶sterim iÃ§in kullanÄ±lmaktadÄ±r.,no
819,23 yaÅŸ evlenmek iÃ§in Ã§ok mu erken?,"hayÄ±r reÅŸit olup ayaklarÄ±nÄ±n Ã¼zerinde duruyorsan erken deÄŸil ayaÄŸÄ±nÄ±n Ã¼zerinde durmuyorsan bile daha Ã¶nce bir meslek edindin mi bir kursa gittin mi yani elinde bir belge kolunda altÄ±n bilezik olmasÄ± lazÄ±m , sonrasÄ± kolay bence evlenmen iÃ§in hazÄ±r hissediyorsan iÅŸ bitmiÅŸtir :)",no
823,mavic miniâ€™de engellerden kaÃ§Ä±nma Ã¶zelliÄŸi var mÄ±?,hayÄ±r. cihazÄ±nÄ±za zarar gelmemesi iÃ§in pervane koruyucu kullanmanÄ±zÄ± Ã¶neririz.,no
824,usb belleÄŸe windows kurunca bilgisayarÄ±n hdd'sini yerinden Ã§Ä±karmam gerekir mi?,hayÄ±r gerek yok. hdd takÄ±lÄ± kalabilir. bu bir sorun yaratmaz. aÃ§Ä±lÄ±ÅŸ Ã¶nceliÄŸini ayarlarsan sorun olmayacaktÄ±r. yani ilk aÃ§Ä±lÄ±ÅŸ aygÄ±tÄ± usb olmalÄ±dÄ±r.,no
832, TanÄ±madÄ±ÄŸÄ±nÄ±z biriyle mail yoluyla fotolarÄ±nÄ±zÄ± paylaÅŸtÄ±nÄ±z mÄ±?, hayÄ±r. ama ks de bacaklarÄ±mÄ±n resmini koymuÅŸtum sayÄ±lma mÄ± ,no
833,mrb hocam bebeÄŸin kulaÄŸÄ± aÄŸÄ±rÄ±rsa yeÅŸil kaka mÄ± yapar bÃ¶yle biÅŸey varmÄ± ger,"hayÄ±r yasin bey, bebek aÄŸlar, 5-6 aylÄ±k veya daha bÃ¼yÃ¼kse kulaÄŸÄ±nÄ± tutarak aÄŸlar.",no
835,arkadaslar pcyi sabaha kadar acik biraksam bisi olur mu,"hayÄ±r bi sÄ±kÄ±ntÄ± olmaz, benim bilgisayar istisnalar dÄ±ÅŸÄ±nda aralÄ±ksÄ±z 4 gÃ¼ndÃ¼r aÃ§Ä±k, bir problem teÅŸkil etmiyor.",no
836,bir kÄ±zÄ± sÄ±rf gÃ¼zelliÄŸi iÃ§in sevmek mÃ¼mkÃ¼n mÃ¼?,hayÄ±r deÄŸil birÅŸeyler hissetmem lazÄ±m,no
841,geÃ§ dÃ¶llenmede regl kanamasÄ± gÃ¶rÃ¼lÃ¼r mÃ¼,hayÄ±r gÃ¶rÃ¼lmez,no
844,kÄ±zlÄ±k zarÄ± bÃ¶yle bozulabilir mi?,hayÄ±r bozmaz,no
846,sevgiliyi cinsel yÃ¶nden tatmin etmezsek aldatÄ±lmaya mahkum muyuz?,aslÄ±nda hayÄ±r ama maalesef Ã§oÄŸu insan aldatÄ±yor Ã§ok gÃ¶rdÃ¼m. iÌ‡nsanlar artÄ±k birbirine fedakarlÄ±k olsun sabÄ±r olsun saygÄ± olsun 0 0 0 yani evlenirken iyi gÃ¼nde kÃ¶tÃ¼ gÃ¼nde cart curt diyorlar ya artÄ±k herkes iyi gÃ¼nde sadece,no
850,iÌ‡ki numarasÄ± var diÄŸer numarasÄ±ndan sÃ¼rekli Ã§evirim iÃ§i iÅŸ iÃ§in kullanÄ±yorum diyor sizce doÄŸru mu?,hayÄ±r maalesef bÃ¶yle bir sey mÃ¼mkÃ¼n degil erkek arkadaÅŸÄ±m polis benim tek hatti var ama kullandigi hat Ã¼zerinden bile ihbar gelmiyor hem zaten bu yasal deÄŸil bence kusura bakma ama seni idare ediyor olabilir o telefonunun ekran fotografini iste veya kendin bak,no
860,gece sizi Ã§ok etkileyen bir korku filmi izledikten sonra film hakkÄ±nda paranoya yapar mÄ±sÄ±nÄ±z?,hayÄ±r yapmam,no
861,hocam ihtimal var mÄ±,"hayÄ±r gebelik riski yoktur,",no
862,pedden sperm geÃ§erek gebelik olur mu,hayÄ±r. bahsedilen iliÅŸki yÃ¶ntemiyle gebe kalmazsÄ±nÄ±z.,no
871,hayal kÄ±rÄ±klÄ±ÄŸÄ±na uÄŸratmak istedikleriniz var mÄ±?,hayÄ±r yok,no
877,hiv aids olur muyum,hayÄ±r,no
881,instagram'da engellediÄŸim kiÅŸinin fotoÄŸraflarÄ±nÄ± gÃ¶rebilir miyim?,"hayÄ±r gÃ¶remezsiniz. instagram'da bir kiÅŸiyi engellediÄŸiniz zaman onun paylaÅŸtÄ±ÄŸÄ± fotoÄŸraflar, videolar ve hikayeleri gÃ¶rmenizin hiÃ§bir yolu yoktur.",no
888,"[Ã‡Ã¶zÃ¼ldÃ¼] rdr2 ""john marston"" yÃ¼zme bilmiyor mu?","hayÄ±r, yÃ¼zemiyor. hikayeye gÃ¶re vahÅŸi batÄ±da hayatÄ± boyunca yÃ¼zmeye ihtiyaÃ§ duymamÄ±ÅŸ. gÃ¶l ve nehir gibi akÄ±ntÄ±lÄ± yerlerden sÃ¼rÃ¼nebilirsiniz, derin yerlerde boÄŸulabilirsiniz. suda yÃ¼zen bir kÃ¼tÃ¼ÄŸe tutunarak suyun karÅŸÄ±sÄ±na geÃ§ebiliyorsunuz.",no
889,aÅŸk herÅŸeyin Ã¼stesinden gelir mi?,bence kesinlikle hayÄ±r,no
893,sebepsiz yere gÃ¶zleriniz doluyor mu?,hayÄ±r ne alaka ajjflskfkd,no
897,oem lisans baÅŸka bilgisayarda kullanÄ±lÄ±r mÄ±?,"hayÄ±r, o iÅŸler o kadar basit deÄŸildir. oem lisansÄ± sadece sizin bilgisayarÄ±nÄ±za Ã¶zeldir ve aynÄ± anda 2 bilgisayarda kullanÄ±lamaz. baÅŸka birisi bu lisansÄ± kendi bilgisayarÄ±nda etkinleÅŸtirmeye Ã§alÄ±ÅŸtÄ±ÄŸÄ±nda hata alÄ±r.",no
901, SevmediÄŸiniz kiÅŸinin gÃ¶rÃ¼ÅŸlerini eksiler misiniz?, hayÄ±r. ama gÃ¶rÃ¼ÅŸÃ¼mÃ¼ eksileyenler iÃ§in Ã¶nceden engellemiÅŸ olsam nasÄ±l g. ot gibi kalÄ±rdinÄ±z diye dÃ¼ÅŸÃ¼nmÃ¼yor degilimğŸ˜† ,no
902,google haberlerâ€™de varsayÄ±lan bir gÃ¶rÃ¼nÃ¼m belirlemenin bir yolu var mÄ±?,"<p>hayÄ±r, bu mÃ¼mkÃ¼n deÄŸil.</p><p>yapabileceÄŸiniz en yakÄ±n kÄ±sÄ±m, yer iÅŸaretine iÅŸaretlemek veya google haberler ana sayfasÄ±ndaki en Ã¼st bÃ¶lÃ¼mlerden biri olacak ÅŸekilde yeniden dÃ¼zenlemek.</p>",no
911,eÅŸinizin veya erkek arkadaÅŸÄ±nÄ±zÄ±n dÄ±ÅŸ gÃ¶rÃ¼nÃ¼ÅŸÃ¼ sizin iÃ§in Ã¶nemli mi?,hayÄ±r degil,no
918,sizce hastaneye gitmeli miyim?,hayir gerek yok,no
923,kapÄ±da Ã¶deme yapabiliyor muyum?,"hayÄ±r. kredi kartÄ±nÄ±za taksit olanaÄŸÄ± sunuyoruz; bÃ¶ylece Ã¶demelerinizi ay ay yapabiliyorsunuz. bu sistem, gÃ¼venli ve avantajlÄ± bir Ã¶deme seÃ§eneÄŸi olduÄŸu iÃ§in, Ã§oÄŸunlukca tercih ediliyor. havale ile Ã¶deme yapmak da mÃ¼mkÃ¼n",no
924," Ortam, durum uygun olsa ve hoÅŸunuza giden biri olsa lez iliÅŸki yaÅŸar mÄ±sÄ±nÄ±z?", hayÄ±r ya dÃ¼ÅŸÃ¼nemiyorum bile :S ,no
928,ayrilali 20 gun oldu icimdekileri kusamadim arayip sovsem mi?,"hayÄ±r bÃ¶yle bir hat yapma. bana Ã§ok bÃ¼yÃ¼k yanlÄ±ÅŸlar yapmasÄ±na raÄŸmen mutluluklae diledim ve bir daha asla iletiÅŸime geÃ§medim. ben de Ã¶fkelendim tabii ki ama erdemlilik ettim. hem sÃ¶vsen eline ne geÃ§ecek, Ã§ektiÄŸin acÄ±lar dÃ¼zelecek mi?",no
929,osmo pocket ekranÄ±nda panorama fotoÄŸraflarÄ±mÄ± gÃ¶rÃ¼ntÃ¼leyebilir miyim?,hayÄ±r. panorama fotoÄŸraflar sadece dji mimo uygulamasÄ±nda gÃ¶rÃ¼ntÃ¼lenebilir ve birleÅŸtirilebilir.,no
930,qr kodunu herhangi bir uygulama ile okutup drona baÄŸlanabilir miyim?,hayÄ±r. dji go uygulamasÄ±nÄ± kullanmak zorundasÄ±nÄ±z.,no
931,baÅŸkasÄ±yla olduÄŸu halde sevmeye devam ettiÄŸiniz biri oldu mu?,"hayÄ±r, olmadÄ±. hayatÄ±nda biri varsa sevmeye devam etmek boÅŸ hayallere kapÄ±lmak olur. sen onu dÃ¼ÅŸÃ¼nÃ¼rsÃ¼n, o ise yanÄ±ndakini. olmayacak bir hayale bu kadar kendini kaptÄ±rmamalÄ± insan. kendisini sevmediÄŸini, hayatÄ±nda baÅŸka biri olduÄŸu gerÃ§eÄŸini en kÄ±sa sÃ¼rede kabullenmek gerekir",no
932,telloâ€™yu bilgisayar Ã¼zerinden gÃ¼ncelleyebilir miyim?,ÅŸimdilik hayÄ±r.,no
941,mrb norlove hapÄ±nÄ±n kullanÄ±lmasÄ± kÄ±zlÄ±ÄŸa zarar verir mi?,hayÄ±r,no
945,"kÄ±zlar, hamilelikte regli olunur mu?",maalesef hayÄ±r gebelikte regl kanÄ± gÃ¶rmek imkansÄ±z kan geliyorsa da yerleÅŸme kanamasÄ± olmalÄ± bu kanamanÄ±n miktarÄ± bir kaÃ§ damladan ibarettir bir kaÃ§ gÃ¼n hep birazcÄ±k gelip yine kesiliyor regl gibi devamlÄ± deÄŸil o durumda hemen doktoruna baÅŸvurmalÄ±sÄ±n <3,no
949, SaÄŸlÄ±klÄ± ve gÃ¼zel gÃ¶rÃ¼nmek iÃ§in makyaj yapmak ÅŸart mÄ±?," Tabi ki hayÄ±r, saÄŸlÄ±klÄ± olmak baÅŸka makyaj baÅŸka, makyaj yapmak gereksiz bir ÅŸey sadece gÃ¼zel olalÄ±m diye yapÄ±oz o kadar ",no
951,yasak elma dizisini izleyen var mÄ±?,"hayÄ±r, izlediÄŸim bir dizi deÄŸil; dizi sevmem.",no
953,eskilerden biri yazÄ±nca siz de huzursuz oluyor musunuz?,hayÄ±r. huzursuz olmam. hayatÄ±mda olumlu bazÄ± deÄŸiÅŸimler yaratacaksa ister eski ister yeni farketmez kapÄ±m aÃ§Ä±k. senin huzursuz olma nedenin sanÄ±rÄ±m geÃ§miÅŸte hep huzursuz edici insanlarla muhattap olman,no
954,"tek renk saÃ§tan sÄ±kÄ±ldÄ±nÄ±z mÄ± artÄ±k? saÃ§Ä±nÄ±zÄ± iki renge boyayacak olsanÄ±z, bu iki renk saÃ§lardan hangisine boyardÄ±nÄ±z?","hayÄ±r, sÄ±kÄ±lmadÄ±m.boyamazdÄ±m da ama boyayacak olsaydÄ±m siyah ve sarÄ± renge boyardÄ±m.",no
959,doÄŸruyu sÃ¶yleyin acunun programlarÄ±nÄ± izliyor musunuz?,hayÄ±r izlemiyorum. programlarÄ±nÄ±n eskisi kadar izlendiÄŸini dÃ¼ÅŸÃ¼nmÃ¼yorum zaten bu yÃ¼zden kitlesi tamamen kaybolmadan dijital ortama geÃ§iÅŸ yapmak istedi ama gÃ¶rdÃ¼ÄŸÃ¼m kadarÄ±yla tam bir fiyasko oldu diye duydum.,no
963,devre dÄ±ÅŸÄ± bÄ±rakÄ±lmÄ±ÅŸ eklentiler bir wordpress sitesini yavaÅŸlatÄ±yor mu?,"<p>hayÄ±r deÄŸil. en azÄ±ndan, Ã¶n uÃ§ta ya da eklenti olmayan herhangi bir alanda arka uÃ§ta deÄŸil. wordpress, yalnÄ±zca dosya uÃ§larÄ± veritabanÄ±ndaki active\_plugins seÃ§eneÄŸinde depolanan dosyalarÄ± yÃ¼kler ve diÄŸer her ÅŸeyi tamamen yok sayar.</p>",no
964,diÅŸÃ§i korkusu olan sevgilinizi diÅŸÃ§iye gÃ¶tÃ¼rÃ¼p elini tutar mÄ±sÄ±nÄ±z?,hayÄ±r tutmam. kendi baÅŸÄ±na yenmeli korkularÄ±nÄ±. her zaman ben yanÄ±nda olamam ama her zaman ona kendi baÅŸÄ±na problemlerini Ã§Ã¶zmeyi Ã¶ÄŸretirim.,no
965,Ã¼lkemizde Ã§Ä±kan yangÄ±nlar iÃ§in #helpturkey etiketiyle bir yardÄ±m kampanyasÄ± baÅŸlatÄ±ldÄ±. bu kampanyaya siz de katÄ±lÄ±r mÄ±sÄ±nÄ±z?,"hayÄ±r, katÄ±lmam. neden bir uluslararasÄ± iliÅŸkiler kimliÄŸimle bakarsam diÄŸer Ã¼lkelerin haberleri yok mu var. Ã§oktan isteselerdi yardÄ±m iÃ§in gelirlerdi.. oyuna kanmamak lazÄ±m.",no
970,mavic 2 su geÃ§irmez mi?,hayÄ±r.,no
971,sevgilinle/eÅŸinle ortak sosyal medya hesabÄ± kullanÄ±r mÄ±sÄ±n?,hayÄ±r ya o nedir Ã¶yle. kiÅŸisel alan diye bir ÅŸey var. gÃ¼venmiyorsan bÄ±rak gitsin ne kasÄ±yorsunuz bÃ¶yle.,no
974,evlilikten sonra hemen Ã§ocuk sahibi olmak istiyor musun?,"hayÄ±r, en az iki sene geÃ§meli minnoÅŸ dÃ¼ÅŸÃ¼nmem iÃ§in.ğŸ˜Š",no
983,vajinaya sert ÅŸekilde elin Ã§arpmasÄ± kÄ±zlÄ±k zarÄ±na zarar verir mi,hayÄ±r bozulmaz ancak iliÅŸki ile bozulurokadar yÃ¼zeysel deÄŸil,no
985,"kÄ±zlar, konak kizi guzel degil mi, burnu kemerli buyuk kiz denk geldi bana 1.5 yil once?",konuÅŸmanda hayÄ±r yok gelmiÅŸ kÄ±zÄ± eleÅŸtiriyorsun. yarÄ±n bir gÃ¼n baÅŸÄ±na kÃ¶tÃ¼ bir kaza gelebilir ve sahip olduklarÄ±nÄ± kaybedebilirsin. iÌ‡nsanlarÄ± fiziksel olarak yargÄ±lamak bizim haddimize deÄŸil. sevmiyorsan iletiÅŸime girmessikÄ±zÄ± kÃ¼Ã§Ã¼k dÃ¼ÅŸÃ¼rmeye Ã§alÄ±ÅŸÄ±rken kendin kÃ¼Ã§Ã¼k dÃ¼ÅŸtÃ¼n.,no
987,saÃ§larÄ±nÄ±z bakÄ±msÄ±z olsa dÄ±ÅŸarÄ±ya gezmeye gider misiniz?,kesinlikle hayÄ±r ayrÄ±ca kuru ÅŸampuanlarda hoÅŸuma gitmedi bir tuhaf yapÄ±yor saÃ§larÄ±,no
988,"yazÄ±lÄ±m gÃ¼ncellemek iÃ§in dji go 4 uygulamasÄ±nÄ± kullanÄ±rken, arka planda da gÃ¼ncellemeye devam ediyor mu?",hayÄ±r. dji go 4 uygulamasÄ± gÃ¼ncelleme hatasÄ± verecektir.,no
993,Geyik eti hic yediniz mi?, hayÄ±r hayatÄ±mda hiÃ§ geyik eti yemedimÂ   yaa ben hayvanlarÄ±n etlerinin yenmesini hoÅŸÂ   ve gÃ¼zel bulmuyorumÂ  ,no
1008,hamilelik olur mu?,hayir kalamazsin. adetinin bitiminden sonraki 4 gun dogurgan olmadigin gundur cunku,no
1011,k.t.Ã¼. tÄ±p fakÃ¼ltesinde tÃ¼p mide yada mide kelepÃ§esi takÄ±lÄ±yor mu?,hayÄ±r ÅŸimdiye kadar uygulamadÄ±koldukÃ§a sorunlu bÄ±r yÃ¶ntem,no
1012,zarar gÃ¶receÄŸini bile bile karÅŸÄ± cinsin tutkusuna kapÄ±ldÄ±n mÄ±?,"hayÄ±r, bir kez bayaÄŸÄ± gider gibi oldum ama yine de bastÄ±rdÄ±m kendimi. :d",no
1013,evinizde guguklu saat kullanÄ±yor musunuz?,hayir normal saatte yok evde ),no
1015,boy farkÄ± engel mi bazÄ± ÅŸeyler iÃ§in?,yoo niye engel olsun.dÄ±ÅŸarÄ±dan bir az hoÅŸ durmaz o kadar,no
1020,sevgiliniz bÃ¼tÃ¼n hayatÄ±nÄ±za karÄ±ÅŸabilir mi?,hayÄ±r karistrmam.. bir kere yaptÄ±m o hatayÄ± ve Ã§ok keÅŸke biriktirdim biri gerÃ§ekten seviyorsa ne o odun vermeli karakterinden ne ben olduÄŸu gibi kabul etmeli yapmak istediÄŸi kiÅŸi deÄŸil !,no
1025,kedi yediÄŸi Ã§imi kustu. bu anormal bir durum mu?,hayÄ±r gayet normal. kusmasÄ±nÄ± kolaylaÅŸtÄ±rÄ±r Ã§im zaten,no
1026,backtrack iÃ§in linux mu gerek ?,hayir gerekmez ama istersen windows uzerinden bile kura bilirsin virtual pcyla,no
1027,seni anan benim iÃ§in doÄŸurmuÅŸ dediÄŸiniz birisi var mÄ±?,hayÄ±r yok galiba benimkini annesi daha doÄŸurmamÄ±ÅŸ ğŸ˜,no
1028,duÅŸ keyfini ikiye katlÄ±yacak duÅŸ jelini pure line ile ÅŸenlendirenlerden misiniz?,hayÄ±r kardeÅŸim.. zeytinyaÄŸlÄ± defne sabunu dÄ±ÅŸÄ±nda baÅŸÄ±ma hiÃ§bir ÅŸey sÃ¼rmem..,no
1033,diÅŸ telim var deniz suyu zarar verir mi ?,hayÄ±r bir zarar vermez. Ä±yÄ± tatiller,no
1039,hÄ±zlÄ± ÅŸarj destekliyor mu,"hayÄ±r, hÄ±zlÄ± ÅŸarjÂ desteklemiyor.Â ",no
1044, KÄ±zlar kalÃ§anÄ±z haz noktalarÄ±nÄ±zdan mÄ±?, soru mu bu ÅŸimdi?hayÄ±r diyen kÄ±zÄ±n alnÄ± karÄ±ÅŸlanÄ±r.o derece.. ,no
1047,siri'nin ismini deÄŸiÅŸtirebilir miyiz?,hayÄ±r deÄŸiÅŸtiremessiniz :),no
1050,"marketlerin Ã¼zerine zabÄ±talarÄ± gÃ¶nderen erdoÄŸan, yarÄ±n ev sahiplerine de zabÄ±ta gÃ¶nderir mi?",bundan gelecek hayÄ±r allahtan gelsin gÃ¶ndermez.,no
1053,Ä°ddia uÄŸruna birini tavlamaya Ã§alÄ±ÅŸÄ±r mÄ±sÄ±n?,Tabii ki de hayÄ±r. Ä°nsanlarÄ±n duygularÄ± ile oynanÄ±r mÄ± bÃ¶yle? Oyuncak mÄ± bu.,no
1056,iÌ‡zlediÄŸiniz film ya da dizinin yapÄ±mcÄ±sÄ±na yÃ¶netmenine dikkat eder misiniz?,"hayir, Ã§ok dikkat ettiÄŸim sÃ¶ylenemez",no
1057,hiv aids test yapmalÄ± mÄ±yÄ±m,"hayÄ±r, bulaÅŸma olmaz",no
1059,birbirini sevenlerin varlÄ±ÄŸÄ± sizi rahatsÄ±z eder mi?,"hayÄ±r, rahatsÄ±z etmez. ÅŸimdi medeniyeti ulu orta Ã¶pÃ¼ÅŸme seviÅŸme olarak mi gÃ¶rÃ¼yorsun'cular dadanÄ±r. iÌ‡nsanlarÄ±n birbirine ve topluma zararÄ± olmayan seyler iÃ§in kÃ¶tÃ¼ dÃ¼ÅŸÃ¼nmÃ¼yorum. hayvana insana tecavÃ¼zlere bu kadar tepki gÃ¶stermeyen toplumumuzun artÄ±k insanlarÄ± denetlememeyi, yaÅŸamlarÄ±na karÄ±ÅŸmamayÄ±, mÃ¼dahale etmemeyi Ã¶ÄŸrenmeleri gerekiyor.",no
1060,bikini ile plaj dÄ±ÅŸÄ±nda da rahatÃ§a gezinebilir misin?,hayÄ±r. sadece sahile yakÄ±n yerlerde olabilir :),no
1062,bir erkek Ã¶ylesine sÃ¼rekli bakar mÄ±?,hayÄ±r ya uÃ§kurunun peÅŸindedir ya da aÅŸÄ±k olmuÅŸtur ikisinden biri artÄ±k bakÄ±ÅŸlarÄ±ndan bunu ayÄ±rtedecek olan sensin. yiyecek gibimi bakÄ±yor yoksa bir aÅŸÄ±k gibimi?,no
1064,35 yaÅŸÄ±ndan sonra Ã§ocuk bakmak zor mu olur?,hayÄ±r olmaz.. bakÄ±cÄ± deÄŸilsinki kendi Ã§ocuÄŸun ve sana muhtaÃ§ sen annesi olacaksÄ±n minicik senin canÄ±n kanÄ±ndan keyifle bakarsÄ±n elbette zorluklarÄ± olur.. yorulursun ama zor gelmez..,no
1065,mavic mini objeleri otomatik olarak takip edebilir mi?,hayÄ±r.,no
1066,kripto para alÄ±p satÄ±yor musunuz?,"hayÄ±r, hiÃ§ alÄ±p satmadÄ±m.",no
1070,hdr ve rocksteady Ã¶zelliklerini aynÄ± anda kullanabilir miyim?,hayÄ±r.,no
1078,sende bunlarÄ± yapmaktan zevk alÄ±yor musun acaba?,hayÄ±r bir ÅŸeyleri arzulamak Ã§okta hoÅŸuma giden bir ÅŸey deÄŸil ğŸ˜’,no
1085,depresyon tedavisi sonrasÄ± eski kisiligimize geri dÃ¶nÃ¼yor muyuz?,"hayÄ±r, tedavi sÄ±rasÄ±nda farklÄ± bir sen geliÅŸiyor, eski senden de izleri oluyor depresif senden de ama ikisi de olmuyorsun tedavinin sonunda, farklÄ± bir sen oluyor. ğŸ™‚",no
1086,Siz olsanÄ±z boÅŸanma asamasinda oldunuz esinizle ayni evde kalir misiniz?,hayÄ±r kalmam tÃ¼m baÄŸlarÄ±mÄ± koparÄ±p atarÄ±m tanÄ±mam bile artik:D,no
1092,siz erkekler yeni evli olduÄŸunuz halde gÃ¼zel olan bi kÄ±za bakÄ±yor musunuz eÅŸiniz yanÄ±nÄ±zda yokken?,hayÄ±r be evliyim sonuÃ§ta bakmak yakÄ±ÅŸmaz ve benim orda bi olduÄŸum mertebe derece insanlarÄ±m gÃ¶zÃ¼nde bir yerim ve en Ã¶nemlisi evde canÄ±mÄ±n iÃ§i var yakÄ±ÅŸmaz ,no
1099,mavic air 2 uzaktan kumandasÄ± hdmi destekliyor mu?,hayÄ±r.,no
1100,yogurt iÌ‡shal yapar mÄ±,"hayÄ±r yapmaz, ishale iyi bile gelebiliyor. 1 Ã§orba kaÅŸÄ±ÄŸÄ± uygundur.",no
1105,erkekler gÃ¼zel kadÄ±nlara mÄ± aÅŸÄ±k olur?,hayÄ±r alakasÄ± yok. benim 5 yÄ±llÄ±k bir iliÅŸkim oldu. gÃ¼zel deÄŸil ki o diyen Ã§ok oldu ama iÃ§ini bilmiyorlardÄ± onun. Ã§ok iyi ve temiz kalpli bir insandÄ±. bana da Ã§ol deÄŸer verirdi. bunlar aÅŸÄ±k olmal iÃ§in yeter. her ÅŸey gÃ¼zellik deÄŸil.,no
1107,Ã§ocukÃ§a davranan kÄ±zlarla gelecek dÃ¼ÅŸÃ¼nÃ¼r mÃ¼sÃ¼nÃ¼z?,"dÃ¼n de sordun be ya, hayÄ±r. kadÄ±n ya da partner demek sorunlarÄ±nÄ± anlayan derdini anlatabileceÄŸin ve sana gerÃ§ek hayatta iÅŸine yarayacak tavsiyeler veren kiÅŸidir, pofuduk ayÄ±cÄ±k deÄŸildir.",no
1108,osmo action hÄ±zlÄ± ÅŸarj Ã¶zelliÄŸine sahip mi?,hayÄ±r.,no
1109,alÄ±ÅŸveriÅŸ baÄŸÄ±mlÄ±sÄ± biriyle evlenilir mi?,hayÄ±r ben evlenmek istemezdim gadasÄ±. Ã§Ã¼nkÃ¼ Ã¶yle alÄ±ÅŸveriÅŸe Ã§ok para harcamaya benim param yetmez. ev iÃ§inde sÄ±kÄ±ntÄ±lar baÅŸ gÃ¶sterir.,no
1111,phantom 4 ve phantom 4 pro uzaktan kumandalarÄ± birbirleri iÃ§in uygun mu?,ÅŸimdilik hayÄ±r.,no
1112,bebeÄŸinizin fotoÄŸrafÄ±nÄ± sosyal medya hesaplarÄ±nÄ±zda paylaÅŸÄ±r mÄ±sÄ±nÄ±z?,"sellam, hayÄ±r paylaÅŸmam. kem gÃ¶zÃ¼ nazari fitnesi fesati oo bir dÃ¼nya insan var orda. evet sadece benim Ã§ocuÄŸum var milletin iÅŸi gÃ¼cÃ¼ yok benim bebeme nazar edecekler hxjdjxd",no
1120,gebelik ihtimali var mÄ±?,merhaba hayÄ±r gebelik ihtimali yok,no
1121,aids tirmalama ile bulaÅŸÄ±r mÄ±,hayÄ±r geÃ§mez.,no
1122,Ã§ocuÄŸunuz yanÄ±nÄ±zda iken eÅŸinizle kavga eder misiniz?,hayÄ±r mÃ¼mkÃ¼n olduÄŸunca dikkat ederim ve elimden geldiÄŸince eÅŸimle kavga etmemeye Ã§alÄ±ÅŸÄ±rÄ±m.,no
1123,gÃ¼Ã§lÃ¼ saÃ§larÄ±n sÄ±rrÄ± kaliteli ÅŸampuandan mÄ± geÃ§er?,"hayÄ±r, ÅŸampuan saÃ§larÄ± beslemez, gÃ¼Ã§lendirmez. sadece temizler. o yÃ¼zden kaliteli maske veya saÃ§ kremi alÄ±nmalÄ±dÄ±r.",no
1131,gÃ¼ndÃ¼z gÃ¼neÅŸ kremi evde kullanÄ±lmalÄ± mÄ±?,hayÄ±r kesinlikle kullanÄ±lmamalÄ±. yahu bu ÅŸey koskoca gÃ¼neÅŸin zararlÄ± etkilerinden korusa da mutlaka zararÄ± olacaktÄ±r bir ton kimyasal olan Ã¼rÃ¼n. sanÄ±lanÄ±n aksÄ±ne eve giren gÃ¼neÅŸ Ä±ÅŸÄ±nlarÄ± tene zarar vermiyor.,no
1133,bu sekilde hiv bulaÅŸÄ±r mÄ±,hayÄ±r,no
1135,osmo pocketâ€™Ä±n bataryasÄ± deÄŸiÅŸtirilebilir mi?,hayÄ±r.,no
1137,miÌ‡niÌ‡ karin germe hakkinda,hayÄ±r maalesef karÅŸÄ±lamaz.ancak Ã¼cretli olarak op.yapÄ±lÄ±r.,no
1138,"sÃ¼rekli ayrÄ±l-barÄ±ÅŸ iliÅŸkisi yaÅŸanÄ±yorsa, bu iliÅŸki ilerleyebilir mi?",hayÄ±r gelmez,no
1150,4 bataryayÄ± aynÄ± anda ÅŸarj etmek iÃ§in ÅŸarj istasyonunu kullanabilir miyim?,hayÄ±r. batarya ÅŸarj istasyonu bataryalarÄ±n mevcut gÃ¼Ã§ seviyelerine gÃ¶re sÄ±rayla en yÃ¼ksekten en dÃ¼ÅŸÃ¼ÄŸe tek tek ÅŸarj etmektedir. bu sÄ±ralama ile mÃ¼mkÃ¼n olan en kÄ±sa zamanda bataryalarÄ±nÄ±z ÅŸarj olacaktÄ±r.,no
